  0
SECTION
  2
HEADER
  9
$ACADVER
  1
AC1024
  9
$ACADMAINTVER
 70
     6
  9
$DWGCODEPAGE
  3
ANSI_1252
  9
$INSBASE
 10
0.0
 20
0.0
 30
0.0
  9
$EXTMIN
 10
1.000000000000000E+20
 20
1.000000000000000E+20
 30
1.000000000000000E+20
  9
$EXTMAX
 10
-1.000000000000000E+20
 20
-1.000000000000000E+20
 30
-1.000000000000000E+20
  9
$LIMMIN
 10
0.0
 20
0.0
  9
$LIMMAX
 10
12.0
 20
9.0
  9
$ORTHOMODE
 70
     0
  9
$REGENMODE
 70
     1
  9
$FILLMODE
 70
     1
  9
$QTEXTMODE
 70
     0
  9
$MIRRTEXT
 70
     1
  9
$LTSCALE
 40
1.0
  9
$ATTMODE
 70
     1
  9
$TEXTSIZE
 40
0.2
  9
$TRACEWID
 40
0.05
  9
$TEXTSTYLE
  7
Standard
  9
$CLAYER
  8
0
  9
$CELTYPE
  6
ByLayer
  9
$CECOLOR
 62
   256
  9
$CELTSCALE
 40
1.0
  9
$DISPSILH
 70
     0
  9
$DIMSCALE
 40
1.0
  9
$DIMASZ
 40
0.18
  9
$DIMEXO
 40
0.0625
  9
$DIMDLI
 40
0.38
  9
$DIMRND
 40
0.0
  9
$DIMDLE
 40
0.0
  9
$DIMEXE
 40
0.18
  9
$DIMTP
 40
0.0
  9
$DIMTM
 40
0.0
  9
$DIMTXT
 40
0.18
  9
$DIMCEN
 40
0.09
  9
$DIMTSZ
 40
0.0
  9
$DIMTOL
 70
     0
  9
$DIMLIM
 70
     0
  9
$DIMTIH
 70
     1
  9
$DIMTOH
 70
     1
  9
$DIMSE1
 70
     0
  9
$DIMSE2
 70
     0
  9
$DIMTAD
 70
     0
  9
$DIMZIN
 70
     0
  9
$DIMBLK
  1

  9
$DIMASO
 70
     1
  9
$DIMSHO
 70
     1
  9
$DIMPOST
  1

  9
$DIMAPOST
  1

  9
$DIMALT
 70
     0
  9
$DIMALTD
 70
     2
  9
$DIMALTF
 40
25.4
  9
$DIMLFAC
 40
1.0
  9
$DIMTOFL
 70
     0
  9
$DIMTVP
 40
0.0
  9
$DIMTIX
 70
     0
  9
$DIMSOXD
 70
     0
  9
$DIMSAH
 70
     0
  9
$DIMBLK1
  1

  9
$DIMBLK2
  1

  9
$DIMSTYLE
  2
Standard
  9
$DIMCLRD
 70
     0
  9
$DIMCLRE
 70
     0
  9
$DIMCLRT
 70
     0
  9
$DIMTFAC
 40
1.0
  9
$DIMGAP
 40
0.09
  9
$DIMJUST
 70
     0
  9
$DIMSD1
 70
     0
  9
$DIMSD2
 70
     0
  9
$DIMTOLJ
 70
     1
  9
$DIMTZIN
 70
     0
  9
$DIMALTZ
 70
     0
  9
$DIMALTTZ
 70
     0
  9
$DIMUPT
 70
     0
  9
$DIMDEC
 70
     4
  9
$DIMTDEC
 70
     4
  9
$DIMALTU
 70
     2
  9
$DIMALTTD
 70
     2
  9
$DIMTXSTY
  7
Standard
  9
$DIMAUNIT
 70
     0
  9
$DIMADEC
 70
     0
  9
$DIMALTRND
 40
0.0
  9
$DIMAZIN
 70
     0
  9
$DIMDSEP
 70
    46
  9
$DIMATFIT
 70
     3
  9
$DIMFRAC
 70
     0
  9
$DIMLDRBLK
  1

  9
$DIMLUNIT
 70
     2
  9
$DIMLWD
 70
    -2
  9
$DIMLWE
 70
    -2
  9
$DIMTMOVE
 70
     0
  9
$DIMFXL
 40
1.0
  9
$DIMFXLON
 70
     0
  9
$DIMJOGANG
 40
0.7853981633974483
  9
$DIMTFILL
 70
     0
  9
$DIMTFILLCLR
 70
     0
  9
$DIMARCSYM
 70
     0
  9
$DIMLTYPE
  6

  9
$DIMLTEX1
  6

  9
$DIMLTEX2
  6

  9
$DIMTXTDIRECTION
 70
     0
  9
$LUNITS
 70
     2
  9
$LUPREC
 70
     4
  9
$SKETCHINC
 40
0.1
  9
$FILLETRAD
 40
0.5
  9
$AUNITS
 70
     0
  9
$AUPREC
 70
     0
  9
$MENU
  1
.
  9
$ELEVATION
 40
0.0
  9
$PELEVATION
 40
0.0
  9
$THICKNESS
 40
0.0
  9
$LIMCHECK
 70
     0
  9
$CHAMFERA
 40
0.5
  9
$CHAMFERB
 40
0.5
  9
$CHAMFERC
 40
1.0
  9
$CHAMFERD
 40
0.0
  9
$SKPOLY
 70
     0
  9
$TDCREATE
 40
2461253.541513067
  9
$TDUCREATE
 40
2461253.458179734
  9
$TDUPDATE
 40
2461253.541513183
  9
$TDUUPDATE
 40
2461253.45817985
  9
$TDINDWG
 40
0.0000000116
  9
$TDUSRTIMER
 40
0.0000000116
  9
$USRTIMER
 70
     1
  9
$ANGBASE
 50
0.0
  9
$ANGDIR
 70
     0
  9
$PDMODE
 70
     0
  9
$PDSIZE
 40
0.0
  9
$PLINEWID
 40
0.0
  9
$SPLFRAME
 70
     0
  9
$SPLINETYPE
 70
     6
  9
$SPLINESEGS
 70
     8
  9
$HANDSEED
  5
10F
  9
$SURFTAB1
 70
     6
  9
$SURFTAB2
 70
     6
  9
$SURFTYPE
 70
     6
  9
$SURFU
 70
     6
  9
$SURFV
 70
     6
  9
$UCSBASE
  2

  9
$UCSNAME
  2

  9
$UCSORG
 10
0.0
 20
0.0
 30
0.0
  9
$UCSXDIR
 10
1.0
 20
0.0
 30
0.0
  9
$UCSYDIR
 10
0.0
 20
1.0
 30
0.0
  9
$UCSORTHOREF
  2

  9
$UCSORTHOVIEW
 70
     0
  9
$UCSORGTOP
 10
0.0
 20
0.0
 30
0.0
  9
$UCSORGBOTTOM
 10
0.0
 20
0.0
 30
0.0
  9
$UCSORGLEFT
 10
0.0
 20
0.0
 30
0.0
  9
$UCSORGRIGHT
 10
0.0
 20
0.0
 30
0.0
  9
$UCSORGFRONT
 10
0.0
 20
0.0
 30
0.0
  9
$UCSORGBACK
 10
0.0
 20
0.0
 30
0.0
  9
$PUCSBASE
  2

  9
$PUCSNAME
  2

  9
$PUCSORG
 10
0.0
 20
0.0
 30
0.0
  9
$PUCSXDIR
 10
1.0
 20
0.0
 30
0.0
  9
$PUCSYDIR
 10
0.0
 20
1.0
 30
0.0
  9
$PUCSORTHOREF
  2

  9
$PUCSORTHOVIEW
 70
     0
  9
$PUCSORGTOP
 10
0.0
 20
0.0
 30
0.0
  9
$PUCSORGBOTTOM
 10
0.0
 20
0.0
 30
0.0
  9
$PUCSORGLEFT
 10
0.0
 20
0.0
 30
0.0
  9
$PUCSORGRIGHT
 10
0.0
 20
0.0
 30
0.0
  9
$PUCSORGFRONT
 10
0.0
 20
0.0
 30
0.0
  9
$PUCSORGBACK
 10
0.0
 20
0.0
 30
0.0
  9
$USERI1
 70
     0
  9
$USERI2
 70
     0
  9
$USERI3
 70
     0
  9
$USERI4
 70
     0
  9
$USERI5
 70
     0
  9
$USERR1
 40
0.0
  9
$USERR2
 40
0.0
  9
$USERR3
 40
0.0
  9
$USERR4
 40
0.0
  9
$USERR5
 40
0.0
  9
$WORLDVIEW
 70
     1
  9
$SHADEDGE
 70
     3
  9
$SHADEDIF
 70
    70
  9
$TILEMODE
 70
     1
  9
$MAXACTVP
 70
    64
  9
$PINSBASE
 10
0.0
 20
0.0
 30
0.0
  9
$PLIMCHECK
 70
     0
  9
$PEXTMIN
 10
1.000000000000000E+20
 20
1.000000000000000E+20
 30
1.000000000000000E+20
  9
$PEXTMAX
 10
-1.000000000000000E+20
 20
-1.000000000000000E+20
 30
-1.000000000000000E+20
  9
$PLIMMIN
 10
0.0
 20
0.0
  9
$PLIMMAX
 10
12.0
 20
9.0
  9
$UNITMODE
 70
     0
  9
$VISRETAIN
 70
     1
  9
$PLINEGEN
 70
     0
  9
$PSLTSCALE
 70
     1
  9
$TREEDEPTH
 70
  3020
  9
$CMLSTYLE
  2
Standard
  9
$CMLJUST
 70
     0
  9
$CMLSCALE
 40
1.0
  9
$PROXYGRAPHICS
 70
     1
  9
$MEASUREMENT
 70
     0
  9
$CELWEIGHT
370
    -1
  9
$ENDCAPS
280
     0
  9
$JOINSTYLE
280
     0
  9
$LWDISPLAY
290
     1
  9
$INSUNITS
 70
     1
  9
$HYPERLINKBASE
  1

  9
$STYLESHEET
  1

  9
$XEDIT
290
     1
  9
$CEPSNTYPE
380
     0
  9
$PSTYLEMODE
290
     1
  9
$FINGERPRINTGUID
  2
{81E831B1-DCFD-4E29-906B-925350B96CBE}
  9
$VERSIONGUID
  2
{FAEB1C32-E019-11D5-929B-00C0DF256EC4}
  9
$EXTNAMES
290
     1
  9
$PSVPSCALE
 40
0.0
  9
$OLESTARTUP
290
     0
  9
$SORTENTS
280
   127
  9
$INDEXCTL
280
     0
  9
$HIDETEXT
280
     1
  9
$XCLIPFRAME
280
     2
  9
$HALOGAP
280
     0
  9
$OBSCOLOR
 70
   257
  9
$OBSLTYPE
280
     0
  9
$INTERSECTIONDISPLAY
280
     0
  9
$INTERSECTIONCOLOR
 70
   257
  9
$DIMASSOC
280
     2
  9
$PROJECTNAME
  1

  9
$CAMERADISPLAY
290
     0
  9
$LENSLENGTH
 40
50.0
  9
$CAMERAHEIGHT
 40
0.0
  9
$STEPSPERSEC
 40
2.0
  9
$STEPSIZE
 40
6.0
  9
$3DDWFPREC
 40
2.0
  9
$PSOLWIDTH
 40
0.25
  9
$PSOLHEIGHT
 40
4.0
  9
$LOFTANG1
 40
1.570796326794897
  9
$LOFTANG2
 40
1.570796326794897
  9
$LOFTMAG1
 40
0.0
  9
$LOFTMAG2
 40
0.0
  9
$LOFTPARAM
 70
     7
  9
$LOFTNORMALS
280
     1
  9
$LATITUDE
 40
37.795
  9
$LONGITUDE
 40
-122.394
  9
$NORTHDIRECTION
 40
0.0
  9
$TIMEZONE
 70
 -8000
  9
$LIGHTGLYPHDISPLAY
280
     1
  9
$TILEMODELIGHTSYNCH
280
     1
  9
$CMATERIAL
347
3C
  9
$SOLIDHIST
280
     1
  9
$SHOWHIST
280
     1
  9
$DWFFRAME
280
     2
  9
$DGNFRAME
280
     2
  9
$REALWORLDSCALE
290
     1
  9
$INTERFERECOLOR
 62
   256
  9
$CSHADOW
280
     0
  9
$SHADOWPLANELOCATION
 40
0.0
  0
ENDSEC
  0
SECTION
  2
CLASSES
  0
CLASS
  1
ACDBDICTIONARYWDFLT
  2
AcDbDictionaryWithDefault
  3
ObjectDBX Classes
 90
        0
 91
        4
280
     0
281
     0
  0
CLASS
  1
VISUALSTYLE
  2
AcDbVisualStyle
  3
ObjectDBX Classes
 90
     4095
 91
        4
280
     0
281
     0
  0
CLASS
  1
MATERIAL
  2
AcDbMaterial
  3
ObjectDBX Classes
 90
     1153
 91
        4
280
     0
281
     0
  0
CLASS
  1
SUN
  2
AcDbSun
  3
SCENEOE
 90
     1024
 91
        4
280
     0
281
     0
  0
ENDSEC
  0
SECTION
  2
TABLES
  0
TABLE
  2
VPORT
  5
8
330
0
100
AcDbSymbolTable
 70
     1
  0
VPORT
  5
29
330
8
100
AcDbSymbolTableRecord
100
AcDbViewportTableRecord
  2
*Active
 70
     0
 10
0.0
 20
0.0
 11
1.0
 21
1.0
 12
0.0
 22
0.0
 13
0.0
 23
0.0
 14
0.5
 24
0.5
 15
0.5
 25
0.5
 16
0.0
 26
0.0
 36
1.0
 17
440.0003176118967
 27
634.99999984125
 37
0.0
 40
1269.9999996825
 41
0.6929138861762154
 42
50.0
 43
0.0
 44
0.0
 50
0.0
 51
0.0
 71
     0
 72
   100
 73
     1
 74
     3
 75
     0
 76
     0
 77
     0
 78
     0
281
     0
 65
     1
110
0.0
120
0.0
130
0.0
111
1.0
121
0.0
131
0.0
112
0.0
122
1.0
132
0.0
 79
     0
146
0.0
 60
     3
 61
     5
292
     1
282
     1
141
0.0
142
0.0
 63
   250
361
3F
  0
ENDTAB
  0
TABLE
  2
LTYPE
  5
5
330
0
100
AcDbSymbolTable
 70
     1
  0
LTYPE
  5
14
330
5
100
AcDbSymbolTableRecord
100
AcDbLinetypeTableRecord
  2
ByBlock
 70
     0
  3

 72
    65
 73
     0
 40
0.0
  0
LTYPE
  5
15
330
5
100
AcDbSymbolTableRecord
100
AcDbLinetypeTableRecord
  2
ByLayer
 70
     0
  3

 72
    65
 73
     0
 40
0.0
  0
LTYPE
  5
16
330
5
100
AcDbSymbolTableRecord
100
AcDbLinetypeTableRecord
  2
Continuous
 70
     0
  3
Solid line
 72
    65
 73
     0
 40
0.0
  0
ENDTAB
  0
TABLE
  2
LAYER
  5
2
330
0
100
AcDbSymbolTable
 70
     2
  0
LAYER
  5
10
330
2
100
AcDbSymbolTableRecord
100
AcDbLayerTableRecord
  2
0
 70
     0
 62
     7
  6
Continuous
370
    -3
390
F
347
3E
  0
LAYER
  5
40
330
2
100
AcDbSymbolTableRecord
100
AcDbLayerTableRecord
  2
Calque 1
 70
     0
 62
     7
  6
Continuous
370
    -3
390
F
347
3E
  0
ENDTAB
  0
TABLE
  2
STYLE
  5
3
330
0
100
AcDbSymbolTable
 70
     1
  0
STYLE
  5
11
330
3
100
AcDbSymbolTableRecord
100
AcDbTextStyleTableRecord
  2
Standard
 70
     0
 40
0.0
 41
1.0
 50
0.0
 71
     0
 42
0.2
  3
txt
  4

  0
ENDTAB
  0
TABLE
  2
VIEW
  5
6
330
0
100
AcDbSymbolTable
 70
     0
  0
ENDTAB
  0
TABLE
  2
UCS
  5
7
330
0
100
AcDbSymbolTable
 70
     0
  0
ENDTAB
  0
TABLE
  2
APPID
  5
9
330
0
100
AcDbSymbolTable
 70
     1
  0
APPID
  5
12
330
9
100
AcDbSymbolTableRecord
100
AcDbRegAppTableRecord
  2
ACAD
 70
     0
  0
ENDTAB
  0
TABLE
  2
DIMSTYLE
  5
A
330
0
100
AcDbSymbolTable
 70
     1
100
AcDbDimStyleTable
  0
DIMSTYLE
105
27
330
A
100
AcDbSymbolTableRecord
100
AcDbDimStyleTableRecord
  2
Standard
 70
     0
178
     0
340
11
  0
ENDTAB
  0
TABLE
  2
BLOCK_RECORD
  5
1
330
0
100
AcDbSymbolTable
 70
     2
  0
BLOCK_RECORD
  5
1F
330
1
100
AcDbSymbolTableRecord
100
AcDbBlockTableRecord
  2
*Model_Space
340
22
 70
     0
280
     1
281
     0
  0
BLOCK_RECORD
  5
1B
330
1
100
AcDbSymbolTableRecord
100
AcDbBlockTableRecord
  2
*Paper_Space
340
1E
 70
     0
280
     1
281
     0
  0
BLOCK_RECORD
  5
23
330
1
100
AcDbSymbolTableRecord
100
AcDbBlockTableRecord
  2
*Paper_Space0
340
26
 70
     0
280
     1
281
     0
  0
BLOCK_RECORD
  5
41
330
1
100
AcDbSymbolTableRecord
100
AcDbBlockTableRecord
  2
block 2
340
0
102
{BLKREFS
331
42
102
}
 70
     0
280
     1
281
     0
  0
ENDTAB
  0
ENDSEC
  0
SECTION
  2
BLOCKS
  0
BLOCK
  5
20
330
1F
100
AcDbEntity
  8
0
100
AcDbBlockBegin
  2
*Model_Space
 70
     0
 10
0.0
 20
0.0
 30
0.0
  3
*Model_Space
  1

  0
ENDBLK
  5
21
330
1F
100
AcDbEntity
  8
0
100
AcDbBlockEnd
  0
BLOCK
  5
1C
330
1B
100
AcDbEntity
 67
     1
  8
0
100
AcDbBlockBegin
  2
*Paper_Space
 70
     0
 10
0.0
 20
0.0
 30
0.0
  3
*Paper_Space
  1

  0
ENDBLK
  5
1D
330
1B
100
AcDbEntity
 67
     1
  8
0
100
AcDbBlockEnd
  0
BLOCK
  5
24
330
23
100
AcDbEntity
  8
0
100
AcDbBlockBegin
  2
*Paper_Space0
 70
     0
 10
0.0
 20
0.0
 30
0.0
  3
*Paper_Space0
  1

  0
ENDBLK
  5
25
330
23
100
AcDbEntity
  8
0
100
AcDbBlockEnd
  0
BLOCK
  5
43
330
41
100
AcDbEntity
  8
0
100
AcDbBlockBegin
  2
block 2
 70
     0
 10
0.0
 20
0.0
 30
0.0
  3
block 2
  1

  0
POLYLINE
  5
45
330
41
100
AcDbEntity
  8
Calque 1
370
     0
100
AcDb2dPolyline
 66
     1
 10
0.0
 20
0.0
 30
0.0
  0
VERTEX
  5
46
330
45
100
AcDbEntity
  8
Calque 1
370
     0
100
AcDbVertex
100
AcDb2dVertex
 10
880.0000323320834
 20
1238.979584786826
 30
0.0
  0
VERTEX
  5
47
330
45
100
AcDbEntity
  8
Calque 1
370
     0
100
AcDbVertex
100
AcDb2dVertex
 10
840.0501021934164
 20
1228.019874774375
 30
0.0
  0
VERTEX
  5
48
330
45
100
AcDbEntity
  8
Calque 1
370
     0
100
AcDbVertex
100
AcDb2dVertex
 10
840.0501021934164
 20
1267.883763653298
 30
0.0
  0
VERTEX
  5
49
330
45
100
AcDbEntity
  8
Calque 1
370
     0
100
AcDbVertex
100
AcDb2dVertex
 10
39.9501023934413
 20
1267.883763653298
 30
0.0
  0
VERTEX
  5
4A
330
45
100
AcDbEntity
  8
Calque 1
370
     0
100
AcDbVertex
100
AcDb2dVertex
 10
39.9501023934413
 20
1228.019874774375
 30
0.0
  0
VERTEX
  5
4B
330
45
100
AcDbEntity
  8
Calque 1
370
     0
100
AcDbVertex
100
AcDb2dVertex
 10
0.0001722547742625
 20
1238.625773480491
 30
0.0
  0
VERTEX
  5
4C
330
45
100
AcDbEntity
  8
Calque 1
370
     0
100
AcDbVertex
100
AcDb2dVertex
 10
0.0001722547742625
 20
38.23797606465926
 30
0.0
  0
VERTEX
  5
4D
330
45
100
AcDbEntity
  8
Calque 1
370
     0
100
AcDbVertex
100
AcDb2dVertex
 10
22.43540920120538
 20
2.214851887467121
 30
0.0
  0
VERTEX
  5
4E
330
45
100
AcDbEntity
  8
Calque 1
370
     0
100
AcDbVertex
100
AcDb2dVertex
 10
38.63106145952626
 20
-2.116580538750369
 30
0.0
  0
VERTEX
  5
4F
330
45
100
AcDbEntity
  8
Calque 1
370
     0
100
AcDbVertex
100
AcDb2dVertex
 10
339.8112134295872
 20
-2.116580538750369
 30
0.0
  0
VERTEX
  5
50
330
45
100
AcDbEntity
  8
Calque 1
370
     0
100
AcDbVertex
100
AcDb2dVertex
 10
339.8112134295872
 20
57.50286389078921
 30
0.0
  0
VERTEX
  5
51
330
45
100
AcDbEntity
  8
Calque 1
370
     0
100
AcDbVertex
100
AcDb2dVertex
 10
539.836213379581
 20
57.50286389078921
 30
0.0
  0
VERTEX
  5
52
330
45
100
AcDbEntity
  8
Calque 1
370
     0
100
AcDbVertex
100
AcDb2dVertex
 10
539.836213379581
 20
-2.116580538750369
 30
0.0
  0
VERTEX
  5
53
330
45
100
AcDbEntity
  8
Calque 1
370
     0
100
AcDbVertex
100
AcDb2dVertex
 10
680.241768900035
 20
-2.116580538750369
 30
0.0
  0
VERTEX
  5
54
330
45
100
AcDbEntity
  8
Calque 1
370
     0
100
AcDbVertex
100
AcDb2dVertex
 10
680.241768900035
 20
128.0584194287059
 30
0.0
  0
VERTEX
  5
55
330
45
100
AcDbEntity
  8
Calque 1
370
     0
100
AcDbVertex
100
AcDb2dVertex
 10
780.0778799861872
 20
128.0584194287059
 30
0.0
  0
VERTEX
  5
56
330
45
100
AcDbEntity
  8
Calque 1
370
     0
100
AcDbVertex
100
AcDb2dVertex
 10
780.0778799861872
 20
-2.116580538750369
 30
0.0
  0
VERTEX
  5
57
330
45
100
AcDbEntity
  8
Calque 1
370
     0
100
AcDbVertex
100
AcDb2dVertex
 10
840.0501021934164
 20
-2.116580538750369
 30
0.0
  0
VERTEX
  5
58
330
45
100
AcDbEntity
  8
Calque 1
370
     0
100
AcDbVertex
100
AcDb2dVertex
 10
857.8435036104089
 20
2.662886555323862
 30
0.0
  0
VERTEX
  5
59
330
45
100
AcDbEntity
  8
Calque 1
370
     0
100
AcDbVertex
100
AcDb2dVertex
 10
880.0000323320834
 20
38.23797606465926
 30
0.0
  0
VERTEX
  5
5A
330
45
100
AcDbEntity
  8
Calque 1
370
     0
100
AcDbVertex
100
AcDb2dVertex
 10
880.0000323320834
 20
1238.979584786826
 30
0.0
  0
SEQEND
  5
5B
330
45
100
AcDbEntity
  8
Calque 1
370
     0
  0
SPLINE
  5
5C
330
41
100
AcDbEntity
  8
Calque 1
370
     0
100
AcDbSpline
210
0.0
220
0.0
230
1.0
 70
    11
 71
     3
 72
    17
 73
    13
 74
     0
 42
0.0000000001
 43
0.0000000001
 12
1.0
 22
0.0
 32
0.0
 13
1.0
 23
0.0
 33
0.0
 40
0.0
 40
0.0
 40
0.0
 40
0.0
 40
1.0
 40
1.0
 40
1.0
 40
2.0
 40
2.0
 40
2.0
 40
3.0
 40
3.0
 40
3.0
 40
4.0
 40
4.0
 40
4.0
 40
4.0
 10
20.01781344443131
 20
74.7889749975788
 30
0.0
 10
18.36184217205885
 20
74.7889749975788
 30
0.0
 10
17.01920233406985
 20
76.13127032601928
 30
0.0
 10
17.01920233406985
 20
77.78758610794026
 30
0.0
 10
17.01920233406985
 20
79.44390188986125
 30
0.0
 10
18.36184217205885
 20
80.78619721830172
 30
0.0
 10
20.01781344443131
 20
80.78619721830172
 30
0.0
 10
21.6741292263523
 20
80.78619721830172
 30
0.0
 10
23.01642455479277
 20
79.44390188986125
 30
0.0
 10
23.01642455479277
 20
77.78758610794026
 30
0.0
 10
23.01642455479277
 20
76.13127032601928
 30
0.0
 10
21.6741292263523
 20
74.7889749975788
 30
0.0
 10
20.01781344443131
 20
74.7889749975788
 30
0.0
  0
SPLINE
  5
5D
330
41
100
AcDbEntity
  8
Calque 1
370
     0
100
AcDbSpline
210
0.0
220
0.0
230
1.0
 70
    11
 71
     3
 72
    17
 73
    13
 74
     0
 42
0.0000000001
 43
0.0000000001
 12
1.0
 22
0.0
 32
0.0
 13
1.0
 23
0.0
 33
0.0
 40
0.0
 40
0.0
 40
0.0
 40
0.0
 40
1.0
 40
1.0
 40
1.0
 40
2.0
 40
2.0
 40
2.0
 40
3.0
 40
3.0
 40
3.0
 40
4.0
 40
4.0
 40
4.0
 40
4.0
 10
20.01781344443131
 20
394.7587638715794
 30
0.0
 10
18.36184217205885
 20
394.7587638715794
 30
0.0
 10
17.01920233406985
 20
396.1010592000199
 30
0.0
 10
17.01920233406985
 20
397.7573749819409
 30
0.0
 10
17.01920233406985
 20
399.4133462543134
 30
0.0
 10
18.36184217205885
 20
400.7559860923024
 30
0.0
 10
20.01781344443131
 20
400.7559860923024
 30
0.0
 10
21.6741292263523
 20
400.7559860923024
 30
0.0
 10
23.01642455479277
 20
399.4133462543134
 30
0.0
 10
23.01642455479277
 20
397.7573749819409
 30
0.0
 10
23.01642455479277
 20
396.1010592000199
 30
0.0
 10
21.6741292263523
 20
394.7587638715794
 30
0.0
 10
20.01781344443131
 20
394.7587638715794
 30
0.0
  0
SPLINE
  5
5E
330
41
100
AcDbEntity
  8
Calque 1
370
     0
100
AcDbSpline
210
0.0
220
0.0
230
1.0
 70
    11
 71
     3
 72
    17
 73
    13
 74
     0
 42
0.0000000001
 43
0.0000000001
 12
1.0
 22
0.0
 32
0.0
 13
1.0
 23
0.0
 33
0.0
 40
0.0
 40
0.0
 40
0.0
 40
0.0
 40
1.0
 40
1.0
 40
1.0
 40
2.0
 40
2.0
 40
2.0
 40
3.0
 40
3.0
 40
3.0
 40
4.0
 40
4.0
 40
4.0
 40
4.0
 10
20.01781344443131
 20
714.7282082360315
 30
0.0
 10
18.36184217205885
 20
714.7282082360315
 30
0.0
 10
17.01920233406985
 20
716.0705466281655
 30
0.0
 10
17.01920233406985
 20
717.726819346393
 30
0.0
 10
17.01920233406985
 20
719.3827475550719
 30
0.0
 10
18.36184217205885
 20
720.7254304567545
 30
0.0
 10
20.01781344443131
 20
720.7254304567545
 30
0.0
 10
21.6741292263523
 20
720.7254304567545
 30
0.0
 10
23.01642455479277
 20
719.3827475550719
 30
0.0
 10
23.01642455479277
 20
717.726819346393
 30
0.0
 10
23.01642455479277
 20
716.0705466281655
 30
0.0
 10
21.6741292263523
 20
714.7282082360315
 30
0.0
 10
20.01781344443131
 20
714.7282082360315
 30
0.0
  0
SPLINE
  5
5F
330
41
100
AcDbEntity
  8
Calque 1
370
     0
100
AcDbSpline
210
0.0
220
0.0
230
1.0
 70
    11
 71
     3
 72
    17
 73
    13
 74
     0
 42
0.0000000001
 43
0.0000000001
 12
1.0
 22
0.0
 32
0.0
 13
1.0
 23
0.0
 33
0.0
 40
0.0
 40
0.0
 40
0.0
 40
0.0
 40
1.0
 40
1.0
 40
1.0
 40
2.0
 40
2.0
 40
2.0
 40
3.0
 40
3.0
 40
3.0
 40
4.0
 40
4.0
 40
4.0
 40
4.0
 10
20.01781344443131
 20
1035.050430378173
 30
0.0
 10
18.36184217205885
 20
1035.050430378173
 30
0.0
 10
17.01920233406985
 20
1036.392725706614
 30
0.0
 10
17.01920233406985
 20
1038.049041488535
 30
0.0
 10
17.01920233406985
 20
1039.70492663352
 30
0.0
 10
18.36184217205885
 20
1041.047652598896
 30
0.0
 10
20.01781344443131
 20
1041.047652598896
 30
0.0
 10
21.6741292263523
 20
1041.047652598896
 30
0.0
 10
23.01642455479277
 20
1039.70492663352
 30
0.0
 10
23.01642455479277
 20
1038.049041488535
 30
0.0
 10
23.01642455479277
 20
1036.392725706614
 30
0.0
 10
21.6741292263523
 20
1035.050430378173
 30
0.0
 10
20.01781344443131
 20
1035.050430378173
 30
0.0
  0
SPLINE
  5
60
330
41
100
AcDbEntity
  8
Calque 1
370
     0
100
AcDbSpline
210
0.0
220
0.0
230
1.0
 70
    11
 71
     3
 72
    17
 73
    13
 74
     0
 42
0.0000000001
 43
0.0000000001
 12
1.0
 22
0.0
 32
0.0
 13
1.0
 23
0.0
 33
0.0
 40
0.0
 40
0.0
 40
0.0
 40
0.0
 40
1.0
 40
1.0
 40
1.0
 40
2.0
 40
2.0
 40
2.0
 40
3.0
 40
3.0
 40
3.0
 40
4.0
 40
4.0
 40
4.0
 40
4.0
 10
20.01781344443131
 20
1205.089319224552
 30
0.0
 10
18.36184217205885
 20
1205.089319224552
 30
0.0
 10
17.01920233406985
 20
1206.431959062541
 30
0.0
 10
17.01920233406985
 20
1208.087930334914
 30
0.0
 10
17.01920233406985
 20
1209.743815479899
 30
0.0
 10
18.36184217205885
 20
1211.086541445275
 30
0.0
 10
20.01781344443131
 20
1211.086541445275
 30
0.0
 10
21.6741292263523
 20
1211.086541445275
 30
0.0
 10
23.01642455479277
 20
1209.743815479899
 30
0.0
 10
23.01642455479277
 20
1208.087930334914
 30
0.0
 10
23.01642455479277
 20
1206.431959062541
 30
0.0
 10
21.6741292263523
 20
1205.089319224552
 30
0.0
 10
20.01781344443131
 20
1205.089319224552
 30
0.0
  0
SPLINE
  5
61
330
41
100
AcDbEntity
  8
Calque 1
370
     0
100
AcDbSpline
210
0.0
220
0.0
230
1.0
 70
    11
 71
     3
 72
    17
 73
    13
 74
     0
 42
0.0000000001
 43
0.0000000001
 12
1.0
 22
0.0
 32
0.0
 13
1.0
 23
0.0
 33
0.0
 40
0.0
 40
0.0
 40
0.0
 40
0.0
 40
1.0
 40
1.0
 40
1.0
 40
2.0
 40
2.0
 40
2.0
 40
3.0
 40
3.0
 40
3.0
 40
4.0
 40
4.0
 40
4.0
 40
4.0
 10
727.9104354734044
 20
828.3974112241073
 30
0.0
 10
730.2860871926455
 20
829.7390175334507
 30
0.0
 10
733.298478684948
 20
828.8987587445982
 30
0.0
 10
734.6386208287101
 20
826.5202648215818
 30
0.0
 10
735.9788490998595
 20
824.1418570259524
 30
0.0
 10
735.1392793301042
 20
821.1259343107776
 30
0.0
 10
732.763627610863
 20
819.7846725109827
 30
0.0
 10
730.3877175094603
 20
818.4430662016392
 30
0.0
 10
727.3753260171579
 20
819.2834111178788
 30
0.0
 10
726.0354422555572
 20
821.6618189135082
 30
0.0
 10
724.695300111795
 20
824.0402267091375
 30
0.0
 10
725.5345253720018
 20
827.0558049147638
 30
0.0
 10
727.9104354734044
 20
828.3974112241073
 30
0.0
  0
SPLINE
  5
62
330
41
100
AcDbEntity
  8
Calque 1
370
     0
100
AcDbSpline
210
0.0
220
0.0
230
1.0
 70
    11
 71
     3
 72
    17
 73
    13
 74
     0
 42
0.0000000001
 43
0.0000000001
 12
1.0
 22
0.0
 32
0.0
 13
1.0
 23
0.0
 33
0.0
 40
0.0
 40
0.0
 40
0.0
 40
0.0
 40
1.0
 40
1.0
 40
1.0
 40
2.0
 40
2.0
 40
2.0
 40
3.0
 40
3.0
 40
3.0
 40
4.0
 40
4.0
 40
4.0
 40
4.0
 10
724.4063427279697
 20
844.1556224831886
 30
0.0
 10
725.746570999119
 20
841.7772146875592
 30
0.0
 10
724.9069151019764
 20
838.7612919723844
 30
0.0
 10
722.5313495101224
 20
837.4196856630409
 30
0.0
 10
720.1553963450262
 20
836.0780793536975
 30
0.0
 10
717.1430048527238
 20
836.9187687794856
 30
0.0
 10
715.8031641548166
 20
839.297176575115
 30
0.0
 10
714.4629789473609
 20
841.6755843707443
 30
0.0
 10
715.3025917808098
 20
844.6911625763706
 30
0.0
 10
717.6781573726638
 20
846.0327688857141
 30
0.0
 10
720.0537660282114
 20
847.3743751950575
 30
0.0
 10
723.0661144568203
 20
846.5340302788179
 30
0.0
 10
724.4063427279697
 20
844.1556224831886
 30
0.0
  0
SPLINE
  5
63
330
41
100
AcDbEntity
  8
Calque 1
370
     0
100
AcDbSpline
210
0.0
220
0.0
230
1.0
 70
    11
 71
     3
 72
    17
 73
    13
 74
     0
 42
0.0000000001
 43
0.0000000001
 12
1.0
 22
0.0
 32
0.0
 13
1.0
 23
0.0
 33
0.0
 40
0.0
 40
0.0
 40
0.0
 40
0.0
 40
1.0
 40
1.0
 40
1.0
 40
2.0
 40
2.0
 40
2.0
 40
3.0
 40
3.0
 40
3.0
 40
4.0
 40
4.0
 40
4.0
 40
4.0
 10
714.990380002459
 20
1177.925430342455
 30
0.0
 10
716.6463082111379
 20
1177.925430342455
 30
0.0
 10
717.9889911128205
 20
1176.582704377078
 30
0.0
 10
717.9889911128205
 20
1174.926819232093
 30
0.0
 10
717.9889911128205
 20
1173.270503450172
 30
0.0
 10
716.6463082111379
 20
1171.928208121732
 30
0.0
 10
714.990380002459
 20
1171.928208121732
 30
0.0
 10
713.3344087300866
 20
1171.928208121732
 30
0.0
 10
711.9917688920975
 20
1173.270503450172
 30
0.0
 10
711.9917688920975
 20
1174.926819232093
 30
0.0
 10
711.9917688920975
 20
1176.582704377078
 30
0.0
 10
713.3344087300866
 20
1177.925430342455
 30
0.0
 10
714.990380002459
 20
1177.925430342455
 30
0.0
  0
POLYLINE
  5
64
330
41
100
AcDbEntity
  8
Calque 1
370
     0
100
AcDb2dPolyline
 66
     1
 10
0.0
 20
0.0
 30
0.0
  0
VERTEX
  5
65
330
64
100
AcDbEntity
  8
Calque 1
370
     0
100
AcDbVertex
100
AcDb2dVertex
 10
703.6884428172419
 20
947.130043301629
 30
0.0
  0
VERTEX
  5
66
330
64
100
AcDbEntity
  8
Calque 1
370
     0
100
AcDbVertex
100
AcDb2dVertex
 10
717.9152230057426
 20
932.919455061909
 30
0.0
  0
VERTEX
  5
67
330
64
100
AcDbEntity
  8
Calque 1
370
     0
100
AcDbVertex
100
AcDb2dVertex
 10
712.1812060800928
 20
927.178720200063
 30
0.0
  0
VERTEX
  5
68
330
64
100
AcDbEntity
  8
Calque 1
370
     0
100
AcDbVertex
100
AcDb2dVertex
 10
697.9543828278986
 20
941.3893084397829
 30
0.0
  0
VERTEX
  5
69
330
64
100
AcDbEntity
  8
Calque 1
370
     0
100
AcDbVertex
100
AcDb2dVertex
 10
703.6884428172419
 20
947.130043301629
 30
0.0
  0
SEQEND
  5
6A
330
64
100
AcDbEntity
  8
Calque 1
370
     0
  0
SPLINE
  5
6B
330
41
100
AcDbEntity
  8
Calque 1
370
     0
100
AcDbSpline
210
0.0
220
0.0
230
1.0
 70
    11
 71
     3
 72
    17
 73
    13
 74
     0
 42
0.0000000001
 43
0.0000000001
 12
1.0
 22
0.0
 32
0.0
 13
1.0
 23
0.0
 33
0.0
 40
0.0
 40
0.0
 40
0.0
 40
0.0
 40
1.0
 40
1.0
 40
1.0
 40
2.0
 40
2.0
 40
2.0
 40
3.0
 40
3.0
 40
3.0
 40
4.0
 40
4.0
 40
4.0
 40
4.0
 10
672.8334355685538
 20
903.8170970776482
 30
0.0
 10
674.1972627437771
 20
903.8170970776482
 30
0.0
 10
675.3028800123809
 20
902.7114798090444
 30
0.0
 10
675.3028800123809
 20
901.3476526338211
 30
0.0
 10
675.3028800123809
 20
899.9837393312107
 30
0.0
 10
674.1972627437771
 20
898.878208189994
 30
0.0
 10
672.8334355685538
 20
898.878208189994
 30
0.0
 10
671.469565329637
 20
898.878208189994
 30
0.0
 10
670.3639911247268
 20
899.9837393312107
 30
0.0
 10
670.3639911247268
 20
901.3476526338211
 30
0.0
 10
670.3639911247268
 20
902.7114798090444
 30
0.0
 10
671.469565329637
 20
903.8170970776482
 30
0.0
 10
672.8334355685538
 20
903.8170970776482
 30
0.0
  0
SPLINE
  5
6C
330
41
100
AcDbEntity
  8
Calque 1
370
     0
100
AcDbSpline
210
0.0
220
0.0
230
1.0
 70
    11
 71
     3
 72
    17
 73
    13
 74
     0
 42
0.0000000001
 43
0.0000000001
 12
1.0
 22
0.0
 32
0.0
 13
1.0
 23
0.0
 33
0.0
 40
0.0
 40
0.0
 40
0.0
 40
0.0
 40
1.0
 40
1.0
 40
1.0
 40
2.0
 40
2.0
 40
2.0
 40
3.0
 40
3.0
 40
3.0
 40
4.0
 40
4.0
 40
4.0
 40
4.0
 10
658.4323335484996
 20
978.5089203825429
 30
0.0
 10
659.257821490459
 20
979.9412188305356
 30
0.0
 10
661.087339447901
 20
980.4319726824094
 30
0.0
 10
662.5185613035544
 20
979.6054081481109
 30
0.0
 10
663.9497831592079
 20
978.7791881233608
 30
0.0
 10
664.4404939473882
 20
976.9482921277248
 30
0.0
 10
663.6146184321866
 20
975.5159936797321
 30
0.0
 10
662.7891304902272
 20
974.084039741288
 30
0.0
 10
660.9596125327853
 20
973.5933720168014
 30
0.0
 10
659.5283906771318
 20
974.4198504237128
 30
0.0
 10
658.0972118851719
 20
975.2460704484629
 30
0.0
 10
657.606458033298
 20
977.077052571486
 30
0.0
 10
658.4323335484996
 20
978.5089203825429
 30
0.0
  0
SPLINE
  5
6D
330
41
100
AcDbEntity
  8
Calque 1
370
     0
100
AcDbSpline
210
0.0
220
0.0
230
1.0
 70
    11
 71
     3
 72
    17
 73
    13
 74
     0
 42
0.0000000001
 43
0.0000000001
 12
1.0
 22
0.0
 32
0.0
 13
1.0
 23
0.0
 33
0.0
 40
0.0
 40
0.0
 40
0.0
 40
0.0
 40
1.0
 40
1.0
 40
1.0
 40
2.0
 40
2.0
 40
2.0
 40
3.0
 40
3.0
 40
3.0
 40
4.0
 40
4.0
 40
4.0
 40
4.0
 10
609.2991999480441
 20
951.0148190981838
 30
0.0
 10
610.7219382560652
 20
953.3428423723415
 30
0.0
 10
613.7629240408952
 20
954.0738055069243
 30
0.0
 10
616.0909042513592
 20
952.6478804855794
 30
0.0
 10
618.4188844618233
 20
951.2219554642345
 30
0.0
 10
619.1523022269394
 20
948.1789026221134
 30
0.0
 10
617.7291763456763
 20
945.8505348384072
 30
0.0
 10
616.3064380376552
 20
943.5229422011853
 30
0.0
 10
613.2654953165187
 20
942.7916345570538
 30
0.0
 10
610.9375151060547
 20
944.2175595783988
 30
0.0
 10
608.6095348955907
 20
945.6438291092923
 30
0.0
 10
607.8761171304745
 20
948.6868819514134
 30
0.0
 10
609.2991999480441
 20
951.0148190981838
 30
0.0
  0
SPLINE
  5
6E
330
41
100
AcDbEntity
  8
Calque 1
370
     0
100
AcDbSpline
210
0.0
220
0.0
230
1.0
 70
    11
 71
     3
 72
    17
 73
    13
 74
     0
 42
0.0000000001
 43
0.0000000001
 12
1.0
 22
0.0
 32
0.0
 13
1.0
 23
0.0
 33
0.0
 40
0.0
 40
0.0
 40
0.0
 40
0.0
 40
1.0
 40
1.0
 40
1.0
 40
2.0
 40
2.0
 40
2.0
 40
3.0
 40
3.0
 40
3.0
 40
4.0
 40
4.0
 40
4.0
 40
4.0
 10
595.3987133656902
 20
1250.950430324198
 30
0.0
 10
597.0546415743692
 20
1250.950430324198
 30
0.0
 10
598.3973244760517
 20
1249.607704358822
 30
0.0
 10
598.3973244760517
 20
1247.951819213837
 30
0.0
 10
598.3973244760517
 20
1246.295847941464
 30
0.0
 10
597.0546415743692
 20
1244.953208103475
 30
0.0
 10
595.3987133656902
 20
1244.953208103475
 30
0.0
 10
593.7423975837693
 20
1244.953208103475
 30
0.0
 10
592.4001022553289
 20
1246.295847941464
 30
0.0
 10
592.4001022553289
 20
1247.951819213837
 30
0.0
 10
592.4001022553289
 20
1249.607704358822
 30
0.0
 10
593.7423975837693
 20
1250.950430324198
 30
0.0
 10
595.3987133656902
 20
1250.950430324198
 30
0.0
  0
SPLINE
  5
6F
330
41
100
AcDbEntity
  8
Calque 1
370
     0
100
AcDbSpline
210
0.0
220
0.0
230
1.0
 70
    11
 71
     3
 72
    17
 73
    13
 74
     0
 42
0.0000000001
 43
0.0000000001
 12
1.0
 22
0.0
 32
0.0
 13
1.0
 23
0.0
 33
0.0
 40
0.0
 40
0.0
 40
0.0
 40
0.0
 40
1.0
 40
1.0
 40
1.0
 40
2.0
 40
2.0
 40
2.0
 40
3.0
 40
3.0
 40
3.0
 40
4.0
 40
4.0
 40
4.0
 40
4.0
 10
598.3475859099834
 20
1012.907940420601
 30
0.0
 10
597.5202892928943
 20
1011.473230405769
 30
0.0
 10
595.687627685822
 20
1010.98144302525
 30
0.0
 10
594.2539511996354
 20
1011.809385597742
 30
0.0
 10
592.8198871402066
 20
1012.637328170235
 30
0.0
 10
592.3284873329292
 20
1014.47184151613
 30
0.0
 10
593.1557408863248
 20
1015.906207021414
 30
0.0
 10
593.9826499301719
 20
1017.340917036246
 30
0.0
 10
595.8156991104862
 20
1017.832704416766
 30
0.0
 10
597.249375596673
 20
1017.004761844273
 30
0.0
 10
598.6830520828596
 20
1016.17681927178
 30
0.0
 10
599.174839463379
 20
1014.342305925885
 30
0.0
 10
598.3475859099834
 20
1012.907940420601
 30
0.0
  0
SPLINE
  5
70
330
41
100
AcDbEntity
  8
Calque 1
370
     0
100
AcDbSpline
210
0.0
220
0.0
230
1.0
 70
    11
 71
     3
 72
    17
 73
    13
 74
     0
 42
0.0000000001
 43
0.0000000001
 12
1.0
 22
0.0
 32
0.0
 13
1.0
 23
0.0
 33
0.0
 40
0.0
 40
0.0
 40
0.0
 40
0.0
 40
1.0
 40
1.0
 40
1.0
 40
2.0
 40
2.0
 40
2.0
 40
3.0
 40
3.0
 40
3.0
 40
4.0
 40
4.0
 40
4.0
 40
4.0
 10
591.7798989405967
 20
961.091981774701
 30
0.0
 10
593.2030248218599
 20
963.4199189214714
 30
0.0
 10
596.2436230334478
 20
964.1512265656029
 30
0.0
 10
598.5716032439118
 20
962.7249570347094
 30
0.0
 10
600.8995834543758
 20
961.2990320133645
 30
0.0
 10
601.6330012194919
 20
958.2556346616948
 30
0.0
 10
600.2102198477774
 20
955.9279558970858
 30
0.0
 10
598.7871370302078
 20
953.6000187503154
 30
0.0
 10
595.7465388186198
 20
952.8687111061839
 30
0.0
 10
593.4185586081558
 20
954.2946361275289
 30
0.0
 10
591.0905783976918
 20
955.7209056584222
 30
0.0
 10
590.3568161230271
 20
958.7639585005435
 30
0.0
 10
591.7798989405967
 20
961.091981774701
 30
0.0
  0
POLYLINE
  5
71
330
41
100
AcDbEntity
  8
Calque 1
370
     0
100
AcDb2dPolyline
 66
     1
 10
0.0
 20
0.0
 30
0.0
  0
VERTEX
  5
72
330
71
100
AcDbEntity
  8
Calque 1
370
     0
100
AcDbVertex
100
AcDb2dVertex
 10
528.8521293165717
 20
1041.707991276031
 30
0.0
  0
VERTEX
  5
73
330
71
100
AcDbEntity
  8
Calque 1
370
     0
100
AcDbVertex
100
AcDb2dVertex
 10
548.2993488212585
 20
1036.592024480435
 30
0.0
  0
VERTEX
  5
74
330
71
100
AcDbEntity
  8
Calque 1
370
     0
100
AcDbVertex
100
AcDb2dVertex
 10
546.235219861271
 20
1028.745905640166
 30
0.0
  0
VERTEX
  5
75
330
71
100
AcDbEntity
  8
Calque 1
370
     0
100
AcDbVertex
100
AcDb2dVertex
 10
526.7876558470357
 20
1033.861872435762
 30
0.0
  0
VERTEX
  5
76
330
71
100
AcDbEntity
  8
Calque 1
370
     0
100
AcDbVertex
100
AcDb2dVertex
 10
528.8521293165717
 20
1041.707991276031
 30
0.0
  0
SEQEND
  5
77
330
71
100
AcDbEntity
  8
Calque 1
370
     0
  0
SPLINE
  5
78
330
41
100
AcDbEntity
  8
Calque 1
370
     0
100
AcDbSpline
210
0.0
220
0.0
230
1.0
 70
    11
 71
     3
 72
    17
 73
    13
 74
     0
 42
0.0000000001
 43
0.0000000001
 12
1.0
 22
0.0
 32
0.0
 13
1.0
 23
0.0
 33
0.0
 40
0.0
 40
0.0
 40
0.0
 40
0.0
 40
1.0
 40
1.0
 40
1.0
 40
2.0
 40
2.0
 40
2.0
 40
3.0
 40
3.0
 40
3.0
 40
4.0
 40
4.0
 40
4.0
 40
4.0
 10
477.5709356173695
 20
1049.161541485757
 30
0.0
 10
479.2268638260483
 20
1049.161541485757
 30
0.0
 10
480.5695467277309
 20
1047.81881552038
 30
0.0
 10
480.5695467277309
 20
1046.162930375395
 30
0.0
 10
480.5695467277309
 20
1044.506614593474
 30
0.0
 10
479.2268638260483
 20
1043.164319265034
 30
0.0
 10
477.5709356173695
 20
1043.164319265034
 30
0.0
 10
475.914662899142
 20
1043.164319265034
 30
0.0
 10
474.572324507008
 20
1044.506614593474
 30
0.0
 10
474.572324507008
 20
1046.162930375395
 30
0.0
 10
474.572324507008
 20
1047.81881552038
 30
0.0
 10
475.914662899142
 20
1049.161541485757
 30
0.0
 10
477.5709356173695
 20
1049.161541485757
 30
0.0
  0
SPLINE
  5
79
330
41
100
AcDbEntity
  8
Calque 1
370
     0
100
AcDbSpline
210
0.0
220
0.0
230
1.0
 70
    11
 71
     3
 72
    17
 73
    13
 74
     0
 42
0.0000000001
 43
0.0000000001
 12
1.0
 22
0.0
 32
0.0
 13
1.0
 23
0.0
 33
0.0
 40
0.0
 40
0.0
 40
0.0
 40
0.0
 40
1.0
 40
1.0
 40
1.0
 40
2.0
 40
2.0
 40
2.0
 40
3.0
 40
3.0
 40
3.0
 40
4.0
 40
4.0
 40
4.0
 40
4.0
 10
449.8778800687372
 20
1002.594874830732
 30
0.0
 10
452.6055774828773
 20
1002.594874830732
 30
0.0
 10
454.8167689563913
 20
1000.383640293524
 30
0.0
 10
454.8167689563913
 20
997.6559859430773
 30
0.0
 10
454.8167689563913
 20
994.9282454652437
 30
0.0
 10
452.6055774828773
 20
992.7170970554232
 30
0.0
 10
449.8778800687372
 20
992.7170970554232
 30
0.0
 10
447.1498381450485
 20
992.7170970554232
 30
0.0
 10
444.938991181083
 20
994.9282454652437
 30
0.0
 10
444.938991181083
 20
997.6559859430773
 30
0.0
 10
444.938991181083
 20
1000.383640293524
 30
0.0
 10
447.1498381450485
 20
1002.594874830732
 30
0.0
 10
449.8778800687372
 20
1002.594874830732
 30
0.0
  0
SPLINE
  5
7A
330
41
100
AcDbEntity
  8
Calque 1
370
     0
100
AcDbSpline
210
0.0
220
0.0
230
1.0
 70
    11
 71
     3
 72
    17
 73
    13
 74
     0
 42
0.0000000001
 43
0.0000000001
 12
1.0
 22
0.0
 32
0.0
 13
1.0
 23
0.0
 33
0.0
 40
0.0
 40
0.0
 40
0.0
 40
0.0
 40
1.0
 40
1.0
 40
1.0
 40
2.0
 40
2.0
 40
2.0
 40
3.0
 40
3.0
 40
3.0
 40
4.0
 40
4.0
 40
4.0
 40
4.0
 10
430.1223245181205
 20
1002.594874830732
 30
0.0
 10
432.8500219322606
 20
1002.594874830732
 30
0.0
 10
435.0612134057747
 20
1000.383640293524
 30
0.0
 10
435.0612134057747
 20
997.6559859430773
 30
0.0
 10
435.0612134057747
 20
994.9282454652437
 30
0.0
 10
432.8500219322606
 20
992.7170970554232
 30
0.0
 10
430.1223245181205
 20
992.7170970554232
 30
0.0
 10
427.3946271039804
 20
992.7170970554232
 30
0.0
 10
425.1830911209178
 20
994.9282454652437
 30
0.0
 10
425.1830911209178
 20
997.6559859430773
 30
0.0
 10
425.1830911209178
 20
1000.383640293524
 30
0.0
 10
427.3946271039804
 20
1002.594874830732
 30
0.0
 10
430.1223245181205
 20
1002.594874830732
 30
0.0
  0
SPLINE
  5
7B
330
41
100
AcDbEntity
  8
Calque 1
370
     0
100
AcDbSpline
210
0.0
220
0.0
230
1.0
 70
    11
 71
     3
 72
    17
 73
    13
 74
     0
 42
0.0000000001
 43
0.0000000001
 12
1.0
 22
0.0
 32
0.0
 13
1.0
 23
0.0
 33
0.0
 40
0.0
 40
0.0
 40
0.0
 40
0.0
 40
1.0
 40
1.0
 40
1.0
 40
2.0
 40
2.0
 40
2.0
 40
3.0
 40
3.0
 40
3.0
 40
4.0
 40
4.0
 40
4.0
 40
4.0
 10
402.4292689694882
 20
1049.161541485757
 30
0.0
 10
404.0851971781671
 20
1049.161541485757
 30
0.0
 10
405.4278800798497
 20
1047.81881552038
 30
0.0
 10
405.4278800798497
 20
1046.162930375395
 30
0.0
 10
405.4278800798497
 20
1044.506614593474
 30
0.0
 10
404.0851971781671
 20
1043.164319265034
 30
0.0
 10
402.4292689694882
 20
1043.164319265034
 30
0.0
 10
400.7729962512607
 20
1043.164319265034
 30
0.0
 10
399.4306578591267
 20
1044.506614593474
 30
0.0
 10
399.4306578591267
 20
1046.162930375395
 30
0.0
 10
399.4306578591267
 20
1047.81881552038
 30
0.0
 10
400.7729962512607
 20
1049.161541485757
 30
0.0
 10
402.4292689694882
 20
1049.161541485757
 30
0.0
  0
POLYLINE
  5
7C
330
41
100
AcDbEntity
  8
Calque 1
370
     0
100
AcDb2dPolyline
 66
     1
 10
0.0
 20
0.0
 30
0.0
  0
VERTEX
  5
7D
330
7C
100
AcDbEntity
  8
Calque 1
370
     0
100
AcDbVertex
100
AcDb2dVertex
 10
350.7882350468516
 20
1041.717551416003
 30
0.0
  0
VERTEX
  5
7E
330
7C
100
AcDbEntity
  8
Calque 1
370
     0
100
AcDbVertex
100
AcDb2dVertex
 10
352.8611490003264
 20
1033.872810613928
 30
0.0
  0
VERTEX
  5
7F
330
7C
100
AcDbEntity
  8
Calque 1
370
     0
100
AcDbVertex
100
AcDb2dVertex
 10
333.4199584127388
 20
1028.736000990646
 30
0.0
  0
VERTEX
  5
80
330
7C
100
AcDbEntity
  8
Calque 1
370
     0
100
AcDbVertex
100
AcDb2dVertex
 10
331.3470013955704
 20
1036.580397283173
 30
0.0
  0
VERTEX
  5
81
330
7C
100
AcDbEntity
  8
Calque 1
370
     0
100
AcDbVertex
100
AcDb2dVertex
 10
350.7882350468516
 20
1041.717551416003
 30
0.0
  0
SEQEND
  5
82
330
7C
100
AcDbEntity
  8
Calque 1
370
     0
  0
SPLINE
  5
83
330
41
100
AcDbEntity
  8
Calque 1
370
     0
100
AcDbSpline
210
0.0
220
0.0
230
1.0
 70
    11
 71
     3
 72
    17
 73
    13
 74
     0
 42
0.0000000001
 43
0.0000000001
 12
1.0
 22
0.0
 32
0.0
 13
1.0
 23
0.0
 33
0.0
 40
0.0
 40
0.0
 40
0.0
 40
0.0
 40
1.0
 40
1.0
 40
1.0
 40
2.0
 40
2.0
 40
2.0
 40
3.0
 40
3.0
 40
3.0
 40
4.0
 40
4.0
 40
4.0
 40
4.0
 10
283.5431578880986
 20
1250.950430324198
 30
0.0
 10
285.1990860967775
 20
1250.950430324198
 30
0.0
 10
286.54176899846
 20
1249.607704358822
 30
0.0
 10
286.54176899846
 20
1247.951819213837
 30
0.0
 10
286.54176899846
 20
1246.295847941464
 30
0.0
 10
285.1990860967775
 20
1244.953208103475
 30
0.0
 10
283.5431578880986
 20
1244.953208103475
 30
0.0
 10
281.8868851698712
 20
1244.953208103475
 30
0.0
 10
280.5445467777371
 20
1246.295847941464
 30
0.0
 10
280.5445467777371
 20
1247.951819213837
 30
0.0
 10
280.5445467777371
 20
1249.607704358822
 30
0.0
 10
281.8868851698712
 20
1250.950430324198
 30
0.0
 10
283.5431578880986
 20
1250.950430324198
 30
0.0
  0
SPLINE
  5
84
330
41
100
AcDbEntity
  8
Calque 1
370
     0
100
AcDbSpline
210
0.0
220
0.0
230
1.0
 70
    11
 71
     3
 72
    17
 73
    13
 74
     0
 42
0.0000000001
 43
0.0000000001
 12
1.0
 22
0.0
 32
0.0
 13
1.0
 23
0.0
 33
0.0
 40
0.0
 40
0.0
 40
0.0
 40
0.0
 40
1.0
 40
1.0
 40
1.0
 40
2.0
 40
2.0
 40
2.0
 40
3.0
 40
3.0
 40
3.0
 40
4.0
 40
4.0
 40
4.0
 40
4.0
 10
285.3934756095327
 20
1011.809385597742
 30
0.0
 10
283.959799123346
 20
1010.98144302525
 30
0.0
 10
282.1267499430317
 20
1011.473230405769
 30
0.0
 10
281.2994963896361
 20
1012.907940420601
 30
0.0
 10
280.4722428362405
 20
1014.342305925885
 30
0.0
 10
280.9639871530663
 20
1016.17681927178
 30
0.0
 10
282.3977067029466
 20
1017.004761844273
 30
0.0
 10
283.8313831891333
 20
1017.832704416766
 30
0.0
 10
285.6643893057541
 20
1017.340917036246
 30
0.0
 10
286.4916859228433
 20
1015.906207021414
 30
0.0
 10
287.3189394762389
 20
1014.47184151613
 30
0.0
 10
286.8271520957194
 20
1012.637328170235
 30
0.0
 10
285.3934756095327
 20
1011.809385597742
 30
0.0
  0
SPLINE
  5
85
330
41
100
AcDbEntity
  8
Calque 1
370
     0
100
AcDbSpline
210
0.0
220
0.0
230
1.0
 70
    11
 71
     3
 72
    17
 73
    13
 74
     0
 42
0.0000000001
 43
0.0000000001
 12
1.0
 22
0.0
 32
0.0
 13
1.0
 23
0.0
 33
0.0
 40
0.0
 40
0.0
 40
0.0
 40
0.0
 40
1.0
 40
1.0
 40
1.0
 40
2.0
 40
2.0
 40
2.0
 40
3.0
 40
3.0
 40
3.0
 40
4.0
 40
4.0
 40
4.0
 40
4.0
 10
281.1417971437988
 20
962.7140188565438
 30
0.0
 10
283.4697773542628
 20
964.1399438778886
 30
0.0
 10
286.5103755658507
 20
963.4089807433057
 30
0.0
 10
287.9334583834203
 20
961.0810435965353
 30
0.0
 10
289.3562397551349
 20
958.7533648319263
 30
0.0
 10
288.6228219900188
 20
955.7103119898051
 30
0.0
 10
286.2948417795548
 20
954.2843869684602
 30
0.0
 10
283.9672060786393
 20
952.8584619471153
 30
0.0
 10
280.9266078670514
 20
953.5897695912467
 30
0.0
 10
279.5034819857882
 20
955.9173622284686
 30
0.0
 10
278.0803991682186
 20
958.2450409930776
 30
0.0
 10
278.8141614428833
 20
961.2880938351989
 30
0.0
 10
281.1417971437988
 20
962.7140188565438
 30
0.0
  0
SPLINE
  5
86
330
41
100
AcDbEntity
  8
Calque 1
370
     0
100
AcDbSpline
210
0.0
220
0.0
230
1.0
 70
    11
 71
     3
 72
    17
 73
    13
 74
     0
 42
0.0000000001
 43
0.0000000001
 12
1.0
 22
0.0
 32
0.0
 13
1.0
 23
0.0
 33
0.0
 40
0.0
 40
0.0
 40
0.0
 40
0.0
 40
1.0
 40
1.0
 40
1.0
 40
2.0
 40
2.0
 40
2.0
 40
3.0
 40
3.0
 40
3.0
 40
4.0
 40
4.0
 40
4.0
 40
4.0
 10
263.5039848516587
 20
952.4817407558032
 30
0.0
 10
265.834419692656
 20
953.9076657771482
 30
0.0
 10
268.8782046175678
 20
953.1767026425653
 30
0.0
 10
270.302708537025
 20
950.8486793684077
 30
0.0
 10
271.7272124564823
 20
948.5210867311857
 30
0.0
 10
270.9931056722691
 20
945.4783783986131
 30
0.0
 10
268.6626277675783
 20
944.0521088677197
 30
0.0
 10
266.332192926581
 20
942.6265283559233
 30
0.0
 10
263.2880634921207
 20
943.3574914905062
 30
0.0
 10
261.8635595726635
 20
945.685084127728
 30
0.0
 10
260.4390556532062
 20
948.0131074018857
 30
0.0
 10
261.1735069469679
 20
951.0561602440068
 30
0.0
 10
263.5039848516587
 20
952.4817407558032
 30
0.0
  0
SPLINE
  5
87
330
41
100
AcDbEntity
  8
Calque 1
370
     0
100
AcDbSpline
210
0.0
220
0.0
230
1.0
 70
    11
 71
     3
 72
    17
 73
    13
 74
     0
 42
0.0000000001
 43
0.0000000001
 12
1.0
 22
0.0
 32
0.0
 13
1.0
 23
0.0
 33
0.0
 40
0.0
 40
0.0
 40
0.0
 40
0.0
 40
1.0
 40
1.0
 40
1.0
 40
2.0
 40
2.0
 40
2.0
 40
3.0
 40
3.0
 40
3.0
 40
4.0
 40
4.0
 40
4.0
 40
4.0
 10
217.1288655056136
 20
979.6054081481109
 30
0.0
 10
218.5597428517186
 20
980.4319726824094
 30
0.0
 10
220.3892177454669
 20
979.9412188305356
 30
0.0
 10
221.2150932606685
 20
978.5089203825429
 30
0.0
 10
222.0405812026279
 20
977.077052571486
 30
0.0
 10
221.5498704144476
 20
975.2460704484629
 30
0.0
 10
220.1186485587941
 20
974.4198504237128
 30
0.0
 10
218.6877712126892
 20
973.5933720168014
 30
0.0
 10
216.8582963189408
 20
974.084039741288
 30
0.0
 10
216.0324208037393
 20
975.5159936797321
 30
0.0
 10
215.2069328617799
 20
976.9482921277248
 30
0.0
 10
215.6976436499602
 20
978.7791881233608
 30
0.0
 10
217.1288655056136
 20
979.6054081481109
 30
0.0
  0
SPLINE
  5
88
330
41
100
AcDbEntity
  8
Calque 1
370
     0
100
AcDbSpline
210
0.0
220
0.0
230
1.0
 70
    11
 71
     3
 72
    17
 73
    13
 74
     0
 42
0.0000000001
 43
0.0000000001
 12
1.0
 22
0.0
 32
0.0
 13
1.0
 23
0.0
 33
0.0
 40
0.0
 40
0.0
 40
0.0
 40
0.0
 40
1.0
 40
1.0
 40
1.0
 40
2.0
 40
2.0
 40
2.0
 40
3.0
 40
3.0
 40
3.0
 40
4.0
 40
4.0
 40
4.0
 40
4.0
 10
206.8139912406142
 20
903.8170970776482
 30
0.0
 10
208.177473906289
 20
903.8170970776482
 30
0.0
 10
209.2834356844413
 20
902.7114798090444
 30
0.0
 10
209.2834356844413
 20
901.3476526338211
 30
0.0
 10
209.2834356844413
 20
899.9837393312107
 30
0.0
 10
208.177473906289
 20
898.878208189994
 30
0.0
 10
206.8139912406142
 20
898.878208189994
 30
0.0
 10
205.4501640653909
 20
898.878208189994
 30
0.0
 10
204.3445467967871
 20
899.9837393312107
 30
0.0
 10
204.3445467967871
 20
901.3476526338211
 30
0.0
 10
204.3445467967871
 20
902.7114798090444
 30
0.0
 10
205.4501640653909
 20
903.8170970776482
 30
0.0
 10
206.8139912406142
 20
903.8170970776482
 30
0.0
  0
SPLINE
  5
89
330
41
100
AcDbEntity
  8
Calque 1
370
     0
100
AcDbSpline
210
0.0
220
0.0
230
1.0
 70
    11
 71
     3
 72
    17
 73
    13
 74
     0
 42
0.0000000001
 43
0.0000000001
 12
1.0
 22
0.0
 32
0.0
 13
1.0
 23
0.0
 33
0.0
 40
0.0
 40
0.0
 40
0.0
 40
0.0
 40
1.0
 40
1.0
 40
1.0
 40
2.0
 40
2.0
 40
2.0
 40
3.0
 40
3.0
 40
3.0
 40
4.0
 40
4.0
 40
4.0
 40
4.0
 10
172.0650356286417
 20
1190.62543033928
 30
0.0
 10
173.7213083468692
 20
1190.62543033928
 30
0.0
 10
175.0636467390032
 20
1189.282704373903
 30
0.0
 10
175.0636467390032
 20
1187.626819228918
 30
0.0
 10
175.0636467390032
 20
1185.970503446997
 30
0.0
 10
173.7213083468692
 20
1184.628208118557
 30
0.0
 10
172.0650356286417
 20
1184.628208118557
 30
0.0
 10
170.4091074199628
 20
1184.628208118557
 30
0.0
 10
169.0664245182803
 20
1185.970503446997
 30
0.0
 10
169.0664245182803
 20
1187.626819228918
 30
0.0
 10
169.0664245182803
 20
1189.282704373903
 30
0.0
 10
170.4091074199628
 20
1190.62543033928
 30
0.0
 10
172.0650356286417
 20
1190.62543033928
 30
0.0
  0
POLYLINE
  5
8A
330
41
100
AcDbEntity
  8
Calque 1
370
     0
100
AcDb2dPolyline
 66
     1
 10
0.0
 20
0.0
 30
0.0
  0
VERTEX
  5
8B
330
8A
100
AcDbEntity
  8
Calque 1
370
     0
100
AcDbVertex
100
AcDb2dVertex
 10
176.3001345723529
 20
947.1350386900826
 30
0.0
  0
VERTEX
  5
8C
330
8A
100
AcDbEntity
  8
Calque 1
370
     0
100
AcDbVertex
100
AcDb2dVertex
 10
182.040869434199
 20
941.4009356370457
 30
0.0
  0
VERTEX
  5
8D
330
8A
100
AcDbEntity
  8
Calque 1
370
     0
100
AcDbVertex
100
AcDb2dVertex
 10
167.8302811944791
 20
927.1738109389966
 30
0.0
  0
VERTEX
  5
8E
330
8A
100
AcDbEntity
  8
Calque 1
370
     0
100
AcDbVertex
100
AcDb2dVertex
 10
162.089546332633
 20
932.9081723741949
 30
0.0
  0
VERTEX
  5
8F
330
8A
100
AcDbEntity
  8
Calque 1
370
     0
100
AcDbVertex
100
AcDb2dVertex
 10
176.3001345723529
 20
947.1350386900826
 30
0.0
  0
SEQEND
  5
90
330
8A
100
AcDbEntity
  8
Calque 1
370
     0
  0
SPLINE
  5
91
330
41
100
AcDbEntity
  8
Calque 1
370
     0
100
AcDbSpline
210
0.0
220
0.0
230
1.0
 70
    11
 71
     3
 72
    17
 73
    13
 74
     0
 42
0.0000000001
 43
0.0000000001
 12
1.0
 22
0.0
 32
0.0
 13
1.0
 23
0.0
 33
0.0
 40
0.0
 40
0.0
 40
0.0
 40
0.0
 40
1.0
 40
1.0
 40
1.0
 40
2.0
 40
2.0
 40
2.0
 40
3.0
 40
3.0
 40
3.0
 40
4.0
 40
4.0
 40
4.0
 40
4.0
 10
155.2406965079563
 20
844.1556224831886
 30
0.0
 10
156.5809247791057
 20
846.5340302788179
 30
0.0
 10
159.5932732077145
 20
847.3743751950575
 30
0.0
 10
161.9688818632621
 20
846.0327688857141
 30
0.0
 10
164.3448350283582
 20
844.6911625763706
 30
0.0
 10
165.1841033522587
 20
841.6755843707443
 30
0.0
 10
163.8442626543514
 20
839.297176575115
 30
0.0
 10
162.5040343832021
 20
836.9187687794856
 30
0.0
 10
159.4916859545932
 20
836.0780793536975
 30
0.0
 10
157.1157327894971
 20
837.4196856630409
 30
0.0
 10
154.7401241339495
 20
838.7612919723844
 30
0.0
 10
153.9005113005006
 20
841.7772146875592
 30
0.0
 10
155.2406965079563
 20
844.1556224831886
 30
0.0
  0
SPLINE
  5
92
330
41
100
AcDbEntity
  8
Calque 1
370
     0
100
AcDbSpline
210
0.0
220
0.0
230
1.0
 70
    11
 71
     3
 72
    17
 73
    13
 74
     0
 42
0.0000000001
 43
0.0000000001
 12
1.0
 22
0.0
 32
0.0
 13
1.0
 23
0.0
 33
0.0
 40
0.0
 40
0.0
 40
0.0
 40
0.0
 40
1.0
 40
1.0
 40
1.0
 40
2.0
 40
2.0
 40
2.0
 40
3.0
 40
3.0
 40
3.0
 40
4.0
 40
4.0
 40
4.0
 40
4.0
 10
145.0083753435222
 20
826.5202648215818
 30
0.0
 10
146.3486036146715
 20
828.8987587445982
 30
0.0
 10
149.3609520432804
 20
829.7390175334507
 30
0.0
 10
151.736560698828
 20
828.3974112241073
 30
0.0
 10
154.1125138639241
 20
827.0558049147638
 30
0.0
 10
154.9521266973731
 20
824.0402267091375
 30
0.0
 10
153.6119414899173
 20
821.6618189135082
 30
0.0
 10
152.271713218768
 20
819.2834111178788
 30
0.0
 10
149.2593647901591
 20
818.4430662016392
 30
0.0
 10
146.8837561346115
 20
819.7846725109827
 30
0.0
 10
144.5078029695154
 20
821.1259343107776
 30
0.0
 10
143.6681901360665
 20
824.1418570259524
 30
0.0
 10
145.0083753435222
 20
826.5202648215818
 30
0.0
  0
SPLINE
  5
93
330
41
100
AcDbEntity
  8
Calque 1
370
     0
100
AcDbSpline
210
0.0
220
0.0
230
1.0
 70
    11
 71
     3
 72
    17
 73
    13
 74
     0
 42
0.0000000001
 43
0.0000000001
 12
1.0
 22
0.0
 32
0.0
 13
1.0
 23
0.0
 33
0.0
 40
0.0
 40
0.0
 40
0.0
 40
0.0
 40
1.0
 40
1.0
 40
1.0
 40
2.0
 40
2.0
 40
2.0
 40
3.0
 40
3.0
 40
3.0
 40
4.0
 40
4.0
 40
4.0
 40
4.0
 10
62.70426905441942
 20
627.2393193690149
 30
0.0
 10
61.04795327249843
 20
627.2393193690149
 30
0.0
 10
59.70565794405796
 20
628.5816577611489
 30
0.0
 10
59.70565794405796
 20
630.2379304793764
 30
0.0
 10
59.70565794405796
 20
631.8938586880552
 30
0.0
 10
61.04795327249843
 20
633.2365415897377
 30
0.0
 10
62.70426905441942
 20
633.2365415897377
 30
0.0
 10
64.36024032679188
 20
633.2365415897377
 30
0.0
 10
65.70288016478088
 20
631.8938586880552
 30
0.0
 10
65.70288016478088
 20
630.2379304793764
 30
0.0
 10
65.70288016478088
 20
628.5816577611489
 30
0.0
 10
64.36024032679188
 20
627.2393193690149
 30
0.0
 10
62.70426905441942
 20
627.2393193690149
 30
0.0
  0
SPLINE
  5
94
330
41
100
AcDbEntity
  8
Calque 1
370
     0
100
AcDbSpline
210
0.0
220
0.0
230
1.0
 70
    11
 71
     3
 72
    17
 73
    13
 74
     0
 42
0.0000000001
 43
0.0000000001
 12
1.0
 22
0.0
 32
0.0
 13
1.0
 23
0.0
 33
0.0
 40
0.0
 40
0.0
 40
0.0
 40
0.0
 40
1.0
 40
1.0
 40
1.0
 40
2.0
 40
2.0
 40
2.0
 40
3.0
 40
3.0
 40
3.0
 40
4.0
 40
4.0
 40
4.0
 40
4.0
 10
62.70426905441942
 20
702.7337637945857
 30
0.0
 10
61.04795327249843
 20
702.7337637945857
 30
0.0
 10
59.70565794405796
 20
704.0761021867197
 30
0.0
 10
59.70565794405796
 20
705.7323749049472
 30
0.0
 10
59.70565794405796
 20
707.3883031136261
 30
0.0
 10
61.04795327249843
 20
708.7309860153086
 30
0.0
 10
62.70426905441942
 20
708.7309860153086
 30
0.0
 10
64.36024032679188
 20
708.7309860153086
 30
0.0
 10
65.70288016478088
 20
707.3883031136261
 30
0.0
 10
65.70288016478088
 20
705.7323749049472
 30
0.0
 10
65.70288016478088
 20
704.0761021867197
 30
0.0
 10
64.36024032679188
 20
702.7337637945857
 30
0.0
 10
62.70426905441942
 20
702.7337637945857
 30
0.0
  0
POLYLINE
  5
95
330
41
100
AcDbEntity
  8
Calque 1
370
     0
100
AcDb2dPolyline
 66
     1
 10
0.0
 20
0.0
 30
0.0
  0
VERTEX
  5
96
330
95
100
AcDbEntity
  8
Calque 1
370
     0
100
AcDbVertex
100
AcDb2dVertex
 10
66.77955863130859
 20
579.6425261002066
 30
0.0
  0
VERTEX
  5
97
330
95
100
AcDbEntity
  8
Calque 1
370
     0
100
AcDbVertex
100
AcDb2dVertex
 10
74.62042370096296
 20
581.7306415375101
 30
0.0
  0
VERTEX
  5
98
330
95
100
AcDbEntity
  8
Calque 1
370
     0
100
AcDbVertex
100
AcDb2dVertex
 10
79.7949571198082
 20
562.2996139816039
 30
0.0
  0
VERTEX
  5
99
330
95
100
AcDbEntity
  8
Calque 1
370
     0
100
AcDbVertex
100
AcDb2dVertex
 10
71.95443655970237
 20
560.211541607994
 30
0.0
  0
VERTEX
  5
9A
330
95
100
AcDbEntity
  8
Calque 1
370
     0
100
AcDbVertex
100
AcDb2dVertex
 10
66.77955863130859
 20
579.6425261002066
 30
0.0
  0
SEQEND
  5
9B
330
95
100
AcDbEntity
  8
Calque 1
370
     0
  0
POLYLINE
  5
9C
330
41
100
AcDbEntity
  8
Calque 1
370
     0
100
AcDb2dPolyline
 66
     1
 10
0.0
 20
0.0
 30
0.0
  0
VERTEX
  5
9D
330
9C
100
AcDbEntity
  8
Calque 1
370
     0
100
AcDbVertex
100
AcDb2dVertex
 10
66.63951549983318
 20
758.1981646867525
 30
0.0
  0
VERTEX
  5
9E
330
9C
100
AcDbEntity
  8
Calque 1
370
     0
100
AcDbVertex
100
AcDb2dVertex
 10
72.12944741035305
 20
777.5423758364304
 30
0.0
  0
VERTEX
  5
9F
330
9C
100
AcDbEntity
  8
Calque 1
370
     0
100
AcDbVertex
100
AcDb2dVertex
 10
79.93534476083214
 20
775.3272655668019
 30
0.0
  0
VERTEX
  5
A0
330
9C
100
AcDbEntity
  8
Calque 1
370
     0
100
AcDbVertex
100
AcDb2dVertex
 10
74.44506834076374
 20
755.9830544171241
 30
0.0
  0
VERTEX
  5
A1
330
9C
100
AcDbEntity
  8
Calque 1
370
     0
100
AcDbVertex
100
AcDb2dVertex
 10
66.63951549983318
 20
758.1981646867525
 30
0.0
  0
SEQEND
  5
A2
330
9C
100
AcDbEntity
  8
Calque 1
370
     0
  0
SPLINE
  5
A3
330
41
100
AcDbEntity
  8
Calque 1
370
     0
100
AcDbSpline
210
0.0
220
0.0
230
1.0
 70
    11
 71
     3
 72
    29
 73
    25
 74
     0
 42
0.0000000001
 43
0.0000000001
 12
1.0
 22
0.0
 32
0.0
 13
1.0
 23
0.0
 33
0.0
 40
0.0
 40
0.0
 40
0.0
 40
0.0
 40
1.0
 40
1.0
 40
1.0
 40
2.0
 40
2.0
 40
2.0
 40
3.0
 40
3.0
 40
3.0
 40
4.0
 40
4.0
 40
4.0
 40
5.0
 40
5.0
 40
5.0
 40
6.0
 40
6.0
 40
6.0
 40
7.0
 40
7.0
 40
7.0
 40
8.0
 40
8.0
 40
8.0
 40
8.0
 10
91.98482460265484
 20
276.1163932957713
 30
0.0
 10
92.09877113582948
 20
275.7004841433145
 30
0.0
 10
92.1644002048235
 20
275.264421182269
 30
0.0
 10
92.1644002048235
 20
274.8121662724428
 30
0.0
 10
92.1644002048235
 20
272.0834783933507
 30
0.0
 10
89.95247664851883
 20
269.871554837046
 30
0.0
 10
87.22370264203957
 20
269.871554837046
 30
0.0
 10
84.49535927249596
 20
269.871554837046
 30
0.0
 10
82.28343571619129
 20
272.0834783933507
 30
0.0
 10
82.28343571619129
 20
274.8121662724428
 30
0.0
 10
82.28343571619129
 20
275.202753973083
 30
0.0
 10
82.33321734595316
 20
275.5809393299763
 30
0.0
 10
82.41891409614875
 20
275.9453443049286
 30
0.0
 10
79.19525212321334
 20
277.6195745833729
 30
0.0
 10
76.99176905084755
 20
280.9865525284947
 30
0.0
 10
76.99176905084755
 20
284.8698641594683
 30
0.0
 10
76.99176905084755
 20
290.4218939161098
 30
0.0
 10
81.49218341061655
 20
294.9223082758788
 30
0.0
 10
87.04378253032239
 20
294.9223082758788
 30
0.0
 10
92.59581228696389
 20
294.9223082758788
 30
0.0
 10
97.09622664673289
 20
290.4218939161098
 30
0.0
 10
97.09622664673289
 20
284.8698641594683
 30
0.0
 10
97.09622664673289
 20
281.1145378257717
 30
0.0
 10
95.03562890961783
 20
277.8425583886557
 30
0.0
 10
91.98482460265484
 20
276.1163932957713
 30
0.0
  0
SPLINE
  5
A4
330
41
100
AcDbEntity
  8
Calque 1
370
     0
100
AcDbSpline
210
0.0
220
0.0
230
1.0
 70
    11
 71
     3
 72
    17
 73
    13
 74
     0
 42
0.0000000001
 43
0.0000000001
 12
1.0
 22
0.0
 32
0.0
 13
1.0
 23
0.0
 33
0.0
 40
0.0
 40
0.0
 40
0.0
 40
0.0
 40
1.0
 40
1.0
 40
1.0
 40
2.0
 40
2.0
 40
2.0
 40
3.0
 40
3.0
 40
3.0
 40
4.0
 40
4.0
 40
4.0
 40
4.0
 10
92.60890364980784
 20
515.001295172899
 30
0.0
 10
94.03973793221924
 20
515.8278597071976
 30
0.0
 10
95.86925588966116
 20
515.3371489190173
 30
0.0
 10
96.6954759144112
 20
513.9062715729124
 30
0.0
 10
97.52169593916125
 20
512.4757818000495
 30
0.0
 10
97.03128659683593
 20
510.6459193330591
 30
0.0
 10
95.60045231442454
 20
509.819699308309
 30
0.0
 10
94.16961803201316
 20
508.9934792835589
 30
0.0
 10
92.34010007457123
 20
509.4838455621907
 30
0.0
 10
91.51388004982118
 20
510.9147229082956
 30
0.0
 10
90.68766002507114
 20
512.3456002544006
 30
0.0
 10
91.17798324000933
 20
514.175462721391
 30
0.0
 10
92.60890364980784
 20
515.001295172899
 30
0.0
  0
SPLINE
  5
A5
330
41
100
AcDbEntity
  8
Calque 1
370
     0
100
AcDbSpline
210
0.0
220
0.0
230
1.0
 70
    11
 71
     3
 72
    17
 73
    13
 74
     0
 42
0.0000000001
 43
0.0000000001
 12
1.0
 22
0.0
 32
0.0
 13
1.0
 23
0.0
 33
0.0
 40
0.0
 40
0.0
 40
0.0
 40
0.0
 40
1.0
 40
1.0
 40
1.0
 40
2.0
 40
2.0
 40
2.0
 40
3.0
 40
3.0
 40
3.0
 40
4.0
 40
4.0
 40
4.0
 40
4.0
 10
91.51388004982118
 20
826.1135712995481
 30
0.0
 10
92.34010007457123
 20
827.5444055819594
 30
0.0
 10
94.16961803201316
 20
828.0347287968976
 30
0.0
 10
95.60045231442454
 20
827.2085948995347
 30
0.0
 10
97.03128659683593
 20
826.3823748747847
 30
0.0
 10
97.52169593916125
 20
824.5525124077942
 30
0.0
 10
96.6954759144112
 20
823.1220226349313
 30
0.0
 10
95.86925588966116
 20
821.6907577155843
 30
0.0
 10
94.03973793221924
 20
821.2007790101947
 30
0.0
 10
92.60890364980784
 20
822.026568398009
 30
0.0
 10
91.17798324000933
 20
822.8527884227591
 30
0.0
 10
90.68766002507114
 20
824.6826508897495
 30
0.0
 10
91.51388004982118
 20
826.1135712995481
 30
0.0
  0
POLYLINE
  5
A6
330
41
100
AcDbEntity
  8
Calque 1
370
     0
100
AcDb2dPolyline
 66
     1
 10
0.0
 20
0.0
 30
0.0
  0
VERTEX
  5
A7
330
A6
100
AcDbEntity
  8
Calque 1
370
     0
100
AcDbVertex
100
AcDb2dVertex
 10
99.99045136389128
 20
1147.911069455861
 30
0.0
  0
VERTEX
  5
A8
330
A6
100
AcDbEntity
  8
Calque 1
370
     0
100
AcDbVertex
100
AcDb2dVertex
 10
64.99698009985319
 20
1147.911069455861
 30
0.0
  0
VERTEX
  5
A9
330
A6
100
AcDbEntity
  8
Calque 1
370
     0
100
AcDbVertex
100
AcDb2dVertex
 10
64.99698009985319
 20
1207.911541446069
 30
0.0
  0
VERTEX
  5
AA
330
A6
100
AcDbEntity
  8
Calque 1
370
     0
100
AcDbVertex
100
AcDb2dVertex
 10
99.99045136389128
 20
1207.911541446069
 30
0.0
  0
VERTEX
  5
AB
330
A6
100
AcDbEntity
  8
Calque 1
370
     0
100
AcDbVertex
100
AcDb2dVertex
 10
99.99045136389128
 20
1147.911069455861
 30
0.0
  0
SEQEND
  5
AC
330
A6
100
AcDbEntity
  8
Calque 1
370
     0
  0
SPLINE
  5
AD
330
41
100
AcDbEntity
  8
Calque 1
370
     0
100
AcDbSpline
210
0.0
220
0.0
230
1.0
 70
    11
 71
     3
 72
    17
 73
    13
 74
     0
 42
0.0000000001
 43
0.0000000001
 12
1.0
 22
0.0
 32
0.0
 13
1.0
 23
0.0
 33
0.0
 40
0.0
 40
0.0
 40
0.0
 40
0.0
 40
1.0
 40
1.0
 40
1.0
 40
2.0
 40
2.0
 40
2.0
 40
3.0
 40
3.0
 40
3.0
 40
4.0
 40
4.0
 40
4.0
 40
4.0
 10
110.505657931358
 20
652.9920971403544
 30
0.0
 10
107.7776590713629
 20
652.9920971403544
 30
0.0
 10
105.5667690437038
 20
655.2032886138685
 30
0.0
 10
105.5667690437038
 20
657.9309860280086
 30
0.0
 10
105.5667690437038
 20
660.6582958689066
 30
0.0
 10
107.7776590713629
 20
662.8698749156628
 30
0.0
 10
110.505657931358
 20
662.8698749156628
 30
0.0
 10
113.232967772256
 20
662.8698749156628
 30
0.0
 10
115.4442023094636
 20
660.6582958689066
 30
0.0
 10
115.4442023094636
 20
657.9309860280086
 30
0.0
 10
115.4442023094636
 20
655.2032886138685
 30
0.0
 10
113.232967772256
 20
652.9920971403544
 30
0.0
 10
110.505657931358
 20
652.9920971403544
 30
0.0
  0
SPLINE
  5
AE
330
41
100
AcDbEntity
  8
Calque 1
370
     0
100
AcDbSpline
210
0.0
220
0.0
230
1.0
 70
    11
 71
     3
 72
    17
 73
    13
 74
     0
 42
0.0000000001
 43
0.0000000001
 12
1.0
 22
0.0
 32
0.0
 13
1.0
 23
0.0
 33
0.0
 40
0.0
 40
0.0
 40
0.0
 40
0.0
 40
1.0
 40
1.0
 40
1.0
 40
2.0
 40
2.0
 40
2.0
 40
3.0
 40
3.0
 40
3.0
 40
4.0
 40
4.0
 40
4.0
 40
4.0
 10
110.505657931358
 20
673.1004304686606
 30
0.0
 10
107.7776590713629
 20
673.1004304686606
 30
0.0
 10
105.5667690437038
 20
675.3116219421747
 30
0.0
 10
105.5667690437038
 20
678.0393193563149
 30
0.0
 10
105.5667690437038
 20
680.767016770455
 30
0.0
 10
107.7776590713629
 20
682.978208243969
 30
0.0
 10
110.505657931358
 20
682.978208243969
 30
0.0
 10
113.232967772256
 20
682.978208243969
 30
0.0
 10
115.4442023094636
 20
680.767016770455
 30
0.0
 10
115.4442023094636
 20
678.0393193563149
 30
0.0
 10
115.4442023094636
 20
675.3116219421747
 30
0.0
 10
113.232967772256
 20
673.1004304686606
 30
0.0
 10
110.505657931358
 20
673.1004304686606
 30
0.0
  0
SPLINE
  5
AF
330
41
100
AcDbEntity
  8
Calque 1
370
     0
100
AcDbSpline
210
0.0
220
0.0
230
1.0
 70
    11
 71
     3
 72
    17
 73
    13
 74
     0
 42
0.0000000001
 43
0.0000000001
 12
1.0
 22
0.0
 32
0.0
 13
1.0
 23
0.0
 33
0.0
 40
0.0
 40
0.0
 40
0.0
 40
0.0
 40
1.0
 40
1.0
 40
1.0
 40
2.0
 40
2.0
 40
2.0
 40
3.0
 40
3.0
 40
3.0
 40
4.0
 40
4.0
 40
4.0
 40
4.0
 10
128.8899793514581
 20
891.3770295351853
 30
0.0
 10
129.7175774144022
 20
892.8107921487591
 30
0.0
 10
131.5506265947165
 20
893.3018043827943
 30
0.0
 10
132.9843030809032
 20
892.4742063198503
 30
0.0
 10
134.4176350575414
 20
891.6462637473576
 30
0.0
 10
134.9087334189638
 20
889.8135590765918
 30
0.0
 10
134.0810492286325
 20
888.379882590405
 30
0.0
 10
133.2534511656884
 20
886.9462061042184
 30
0.0
 10
131.4204019853741
 20
886.455107742796
 30
0.0
 10
129.9870700087359
 20
887.2827058057401
 30
0.0
 10
128.5533935225492
 20
888.1103038686842
 30
0.0
 10
128.0623812885139
 20
889.9436975585471
 30
0.0
 10
128.8899793514581
 20
891.3770295351853
 30
0.0
  0
SPLINE
  5
B0
330
41
100
AcDbEntity
  8
Calque 1
370
     0
100
AcDbSpline
210
0.0
220
0.0
230
1.0
 70
    11
 71
     3
 72
    17
 73
    13
 74
     0
 42
0.0000000001
 43
0.0000000001
 12
1.0
 22
0.0
 32
0.0
 13
1.0
 23
0.0
 33
0.0
 40
0.0
 40
0.0
 40
0.0
 40
0.0
 40
1.0
 40
1.0
 40
1.0
 40
2.0
 40
2.0
 40
2.0
 40
3.0
 40
3.0
 40
3.0
 40
4.0
 40
4.0
 40
4.0
 40
4.0
 10
132.9871452846786
 20
444.9060905191989
 30
0.0
 10
131.5562248748801
 20
444.0803011313844
 30
0.0
 10
129.7263624078896
 20
444.5702798367741
 30
0.0
 10
128.9002285105267
 20
446.0011141191855
 30
0.0
 10
128.0743529953252
 20
447.432034528984
 30
0.0
 10
128.5643317007148
 20
449.2618969959745
 30
0.0
 10
129.9952521105133
 20
450.0881170207245
 30
0.0
 10
131.4260863929247
 20
450.9142509180874
 30
0.0
 10
133.2559488599152
 20
450.4239277031493
 30
0.0
 10
134.0821688846652
 20
448.9930934207379
 30
0.0
 10
134.9080443998668
 20
447.5621730109393
 30
0.0
 10
134.4176350575414
 20
445.7323105439489
 30
0.0
 10
132.9871452846786
 20
444.9060905191989
 30
0.0
  0
SPLINE
  5
B1
330
41
100
AcDbEntity
  8
Calque 1
370
     0
100
AcDbSpline
210
0.0
220
0.0
230
1.0
 70
    11
 71
     3
 72
    17
 73
    13
 74
     0
 42
0.0000000001
 43
0.0000000001
 12
1.0
 22
0.0
 32
0.0
 13
1.0
 23
0.0
 33
0.0
 40
0.0
 40
0.0
 40
0.0
 40
0.0
 40
1.0
 40
1.0
 40
1.0
 40
2.0
 40
2.0
 40
2.0
 40
3.0
 40
3.0
 40
3.0
 40
4.0
 40
4.0
 40
4.0
 40
4.0
 10
151.736560698828
 20
508.6308399200428
 30
0.0
 10
149.3609520432804
 20
507.2892336106994
 30
0.0
 10
146.3486036146715
 20
508.1295354632454
 30
0.0
 10
145.0083753435222
 20
510.5079863225683
 30
0.0
 10
143.6681901360665
 20
512.8863941181977
 30
0.0
 10
144.5078029695154
 20
515.9023168333725
 30
0.0
 10
146.8837561346115
 20
517.243923142716
 30
0.0
 10
149.2593647901591
 20
518.5855294520594
 30
0.0
 10
152.271713218768
 20
517.7448400262713
 30
0.0
 10
153.6119414899173
 20
515.366432230642
 30
0.0
 10
154.9521266973731
 20
512.9883689445611
 30
0.0
 10
154.1125138639241
 20
509.9724462293863
 30
0.0
 10
151.736560698828
 20
508.6308399200428
 30
0.0
  0
SPLINE
  5
B2
330
41
100
AcDbEntity
  8
Calque 1
370
     0
100
AcDbSpline
210
0.0
220
0.0
230
1.0
 70
    11
 71
     3
 72
    17
 73
    13
 74
     0
 42
0.0000000001
 43
0.0000000001
 12
1.0
 22
0.0
 32
0.0
 13
1.0
 23
0.0
 33
0.0
 40
0.0
 40
0.0
 40
0.0
 40
0.0
 40
1.0
 40
1.0
 40
1.0
 40
2.0
 40
2.0
 40
2.0
 40
3.0
 40
3.0
 40
3.0
 40
4.0
 40
4.0
 40
4.0
 40
4.0
 10
155.2406965079563
 20
492.8729731705101
 30
0.0
 10
153.9005113005006
 20
495.2513809661394
 30
0.0
 10
154.7401241339495
 20
498.2669591717657
 30
0.0
 10
157.1157327894971
 20
499.6085654811092
 30
0.0
 10
159.4916859545932
 20
500.9501717904526
 30
0.0
 10
162.5040343832021
 20
500.1094823646645
 30
0.0
 10
163.8442626543514
 20
497.7314190785837
 30
0.0
 10
165.1841033522587
 20
495.3530112829543
 30
0.0
 10
164.3448350283582
 20
492.3370885677795
 30
0.0
 10
161.9688818632621
 20
490.995482258436
 30
0.0
 10
159.5932732077145
 20
489.6538759490927
 30
0.0
 10
156.5809247791057
 20
490.4945223111872
 30
0.0
 10
155.2406965079563
 20
492.8729731705101
 30
0.0
  0
POLYLINE
  5
B3
330
41
100
AcDbEntity
  8
Calque 1
370
     0
100
AcDb2dPolyline
 66
     1
 10
0.0
 20
0.0
 30
0.0
  0
VERTEX
  5
B4
330
B3
100
AcDbEntity
  8
Calque 1
370
     0
100
AcDbVertex
100
AcDb2dVertex
 10
176.2531951463664
 20
389.873532346108
 30
0.0
  0
VERTEX
  5
B5
330
B3
100
AcDbEntity
  8
Calque 1
370
     0
100
AcDbVertex
100
AcDb2dVertex
 10
162.1096570775281
 20
404.1669751322482
 30
0.0
  0
VERTEX
  5
B6
330
B3
100
AcDbEntity
  8
Calque 1
370
     0
100
AcDbVertex
100
AcDb2dVertex
 10
167.8772206204656
 20
409.8742064405002
 30
0.0
  0
VERTEX
  5
B7
330
B3
100
AcDbEntity
  8
Calque 1
370
     0
100
AcDbVertex
100
AcDb2dVertex
 10
182.0207586893038
 20
395.5807636543601
 30
0.0
  0
VERTEX
  5
B8
330
B3
100
AcDbEntity
  8
Calque 1
370
     0
100
AcDbVertex
100
AcDb2dVertex
 10
176.2531951463664
 20
389.873532346108
 30
0.0
  0
SEQEND
  5
B9
330
B3
100
AcDbEntity
  8
Calque 1
370
     0
  0
SPLINE
  5
BA
330
41
100
AcDbEntity
  8
Calque 1
370
     0
100
AcDbSpline
210
0.0
220
0.0
230
1.0
 70
    11
 71
     3
 72
    17
 73
    13
 74
     0
 42
0.0000000001
 43
0.0000000001
 12
1.0
 22
0.0
 32
0.0
 13
1.0
 23
0.0
 33
0.0
 40
0.0
 40
0.0
 40
0.0
 40
0.0
 40
1.0
 40
1.0
 40
1.0
 40
2.0
 40
2.0
 40
2.0
 40
3.0
 40
3.0
 40
3.0
 40
4.0
 40
4.0
 40
4.0
 40
4.0
 10
206.8139912406142
 20
432.8587638620544
 30
0.0
 10
205.4501640653909
 20
432.8587638620544
 30
0.0
 10
204.3445467967871
 20
433.9640366211097
 30
0.0
 10
204.3445467967871
 20
435.327863796333
 30
0.0
 10
204.3445467967871
 20
436.6916909715563
 30
0.0
 10
205.4501640653909
 20
437.7976527497086
 30
0.0
 10
206.8139912406142
 20
437.7976527497086
 30
0.0
 10
208.177473906289
 20
437.7976527497086
 30
0.0
 10
209.2834356844413
 20
436.6916909715563
 30
0.0
 10
209.2834356844413
 20
435.327863796333
 30
0.0
 10
209.2834356844413
 20
433.9640366211097
 30
0.0
 10
208.177473906289
 20
432.8587638620544
 30
0.0
 10
206.8139912406142
 20
432.8587638620544
 30
0.0
  0
SPLINE
  5
BB
330
41
100
AcDbEntity
  8
Calque 1
370
     0
100
AcDbSpline
210
0.0
220
0.0
230
1.0
 70
    11
 71
     3
 72
    17
 73
    13
 74
     0
 42
0.0000000001
 43
0.0000000001
 12
1.0
 22
0.0
 32
0.0
 13
1.0
 23
0.0
 33
0.0
 40
0.0
 40
0.0
 40
0.0
 40
0.0
 40
1.0
 40
1.0
 40
1.0
 40
2.0
 40
2.0
 40
2.0
 40
3.0
 40
3.0
 40
3.0
 40
4.0
 40
4.0
 40
4.0
 40
4.0
 10
221.5780771337331
 20
358.5108472139747
 30
0.0
 10
220.7508235803375
 20
357.0764817086909
 30
0.0
 10
218.9181619732653
 20
356.5846943281716
 30
0.0
 10
217.4840979138365
 20
357.4122923911157
 30
0.0
 10
216.0504214276497
 20
358.2405794731569
 30
0.0
 10
215.5586340471303
 20
360.0747483095039
 30
0.0
 10
216.3859306642195
 20
361.5094583243362
 30
0.0
 10
217.2131842176151
 20
362.94382382962
 30
0.0
 10
219.0461903342359
 20
363.4356112101394
 30
0.0
 10
220.4799098841162
 20
362.6080131471952
 30
0.0
 10
221.9135863703029
 20
361.779726065154
 30
0.0
 10
222.4053737508223
 20
359.945557228807
 30
0.0
 10
221.5780771337331
 20
358.5108472139747
 30
0.0
  0
SPLINE
  5
BC
330
41
100
AcDbEntity
  8
Calque 1
370
     0
100
AcDbSpline
210
0.0
220
0.0
230
1.0
 70
    11
 71
     3
 72
    17
 73
    13
 74
     0
 42
0.0000000001
 43
0.0000000001
 12
1.0
 22
0.0
 32
0.0
 13
1.0
 23
0.0
 33
0.0
 40
0.0
 40
0.0
 40
0.0
 40
0.0
 40
1.0
 40
1.0
 40
1.0
 40
2.0
 40
2.0
 40
2.0
 40
3.0
 40
3.0
 40
3.0
 40
4.0
 40
4.0
 40
4.0
 40
4.0
 10
270.2924593779564
 20
385.8267509343593
 30
0.0
 10
268.8697210699353
 20
383.4988137875889
 30
0.0
 10
265.8291228583474
 20
382.767850653006
 30
0.0
 10
263.5011426478834
 20
384.1937756743509
 30
0.0
 10
261.1735069469679
 20
385.6197006956958
 30
0.0
 10
260.4397446723033
 20
388.662753537817
 30
0.0
 10
261.8628274898729
 20
390.990432302426
 30
0.0
 10
263.2856088615875
 20
393.3183694491965
 30
0.0
 10
266.3262070731754
 20
394.0493325837793
 30
0.0
 10
268.6541872836394
 20
392.6234075624345
 30
0.0
 10
270.9821674941034
 20
391.1974825410895
 30
0.0
 10
271.7155852592196
 20
388.1544296989683
 30
0.0
 10
270.2924593779564
 20
385.8267509343593
 30
0.0
  0
SPLINE
  5
BD
330
41
100
AcDbEntity
  8
Calque 1
370
     0
100
AcDbSpline
210
0.0
220
0.0
230
1.0
 70
    11
 71
     3
 72
    17
 73
    13
 74
     0
 42
0.0000000001
 43
0.0000000001
 12
1.0
 22
0.0
 32
0.0
 13
1.0
 23
0.0
 33
0.0
 40
0.0
 40
0.0
 40
0.0
 40
0.0
 40
1.0
 40
1.0
 40
1.0
 40
2.0
 40
2.0
 40
2.0
 40
3.0
 40
3.0
 40
3.0
 40
4.0
 40
4.0
 40
4.0
 40
4.0
 10
286.8444637005328
 20
321.1192449826542
 30
0.0
 10
286.0171670834436
 20
319.6872910442102
 30
0.0
 10
284.1841609668229
 20
319.1966233197234
 30
0.0
 10
282.7504844806362
 20
320.0227572170863
 30
0.0
 10
281.3167649307559
 20
320.8493217513849
 30
0.0
 10
280.8250206139301
 20
322.6803038744081
 30
0.0
 10
281.6522741673257
 20
324.112171685465
 30
0.0
 10
282.4795277207213
 20
325.5444701334577
 30
0.0
 10
284.3125769010356
 20
326.0352239853315
 30
0.0
 10
285.7462533872223
 20
325.2086594510329
 30
0.0
 10
287.179929873409
 20
324.3820949167343
 30
0.0
 10
287.6717172539284
 20
322.5511127937112
 30
0.0
 10
286.8444637005328
 20
321.1192449826542
 30
0.0
  0
SPLINE
  5
BE
330
41
100
AcDbEntity
  8
Calque 1
370
     0
100
AcDbSpline
210
0.0
220
0.0
230
1.0
 70
    11
 71
     3
 72
    17
 73
    13
 74
     0
 42
0.0000000001
 43
0.0000000001
 12
1.0
 22
0.0
 32
0.0
 13
1.0
 23
0.0
 33
0.0
 40
0.0
 40
0.0
 40
0.0
 40
0.0
 40
1.0
 40
1.0
 40
1.0
 40
2.0
 40
2.0
 40
2.0
 40
3.0
 40
3.0
 40
3.0
 40
4.0
 40
4.0
 40
4.0
 40
4.0
 10
287.9334583834203
 20
375.5944728336187
 30
0.0
 10
286.5103755658507
 20
373.2664495594612
 30
0.0
 10
283.4697773542628
 20
372.5354864248783
 30
0.0
 10
281.1417971437988
 20
373.9614975736104
 30
0.0
 10
278.8141614428833
 20
375.3874225949552
 30
0.0
 10
278.0803991682186
 20
378.4304754370764
 30
0.0
 10
279.5034819857882
 20
380.7580680742984
 30
0.0
 10
280.9266078670514
 20
383.0856607115203
 30
0.0
 10
283.9672060786393
 20
383.8169683556517
 30
0.0
 10
286.2948417795548
 20
382.3910433343067
 30
0.0
 10
288.6228219900188
 20
380.9651183129619
 30
0.0
 10
289.3562397551349
 20
377.9220654708407
 30
0.0
 10
287.9334583834203
 20
375.5944728336187
 30
0.0
  0
SPLINE
  5
BF
330
41
100
AcDbEntity
  8
Calque 1
370
     0
100
AcDbSpline
210
0.0
220
0.0
230
1.0
 70
    11
 71
     3
 72
    17
 73
    13
 74
     0
 42
0.0000000001
 43
0.0000000001
 12
1.0
 22
0.0
 32
0.0
 13
1.0
 23
0.0
 33
0.0
 40
0.0
 40
0.0
 40
0.0
 40
0.0
 40
1.0
 40
1.0
 40
1.0
 40
2.0
 40
2.0
 40
2.0
 40
3.0
 40
3.0
 40
3.0
 40
4.0
 40
4.0
 40
4.0
 40
4.0
 10
320.5848245455048
 20
25.04730834334755
 30
0.0
 10
318.9285518272774
 20
25.04730834334755
 30
0.0
 10
317.5862134351434
 20
26.38960367178802
 30
0.0
 10
317.5862134351434
 20
28.04591945370901
 30
0.0
 10
317.5862134351434
 20
29.70223523563
 30
0.0
 10
318.9285518272774
 20
31.04453056407047
 30
0.0
 10
320.5848245455048
 20
31.04453056407047
 30
0.0
 10
322.2407527541837
 20
31.04453056407047
 30
0.0
 10
323.5834356558663
 20
29.70223523563
 30
0.0
 10
323.5834356558663
 20
28.04591945370901
 30
0.0
 10
323.5834356558663
 20
26.38960367178802
 30
0.0
 10
322.2407527541837
 20
25.04730834334755
 30
0.0
 10
320.5848245455048
 20
25.04730834334755
 30
0.0
  0
POLYLINE
  5
C0
330
41
100
AcDbEntity
  8
Calque 1
370
     0
100
AcDb2dPolyline
 66
     1
 10
0.0
 20
0.0
 30
0.0
  0
VERTEX
  5
C1
330
C0
100
AcDbEntity
  8
Calque 1
370
     0
100
AcDbVertex
100
AcDb2dVertex
 10
350.8126090974097
 20
295.276119582214
 30
0.0
  0
VERTEX
  5
C2
330
C0
100
AcDbEntity
  8
Calque 1
370
     0
100
AcDbVertex
100
AcDb2dVertex
 10
331.3392499307286
 20
300.4104315112689
 30
0.0
  0
VERTEX
  5
C3
330
C0
100
AcDbEntity
  8
Calque 1
370
     0
100
AcDbVertex
100
AcDb2dVertex
 10
333.3955843621806
 20
308.3268302994374
 30
0.0
  0
VERTEX
  5
C4
330
C0
100
AcDbEntity
  8
Calque 1
370
     0
100
AcDbVertex
100
AcDb2dVertex
 10
352.8689435288618
 20
303.1924322429953
 30
0.0
  0
VERTEX
  5
C5
330
C0
100
AcDbEntity
  8
Calque 1
370
     0
100
AcDbVertex
100
AcDb2dVertex
 10
350.8126090974097
 20
295.276119582214
 30
0.0
  0
SEQEND
  5
C6
330
C0
100
AcDbEntity
  8
Calque 1
370
     0
  0
SPLINE
  5
C7
330
41
100
AcDbEntity
  8
Calque 1
370
     0
100
AcDbSpline
210
0.0
220
0.0
230
1.0
 70
    11
 71
     3
 72
    17
 73
    13
 74
     0
 42
0.0000000001
 43
0.0000000001
 12
1.0
 22
0.0
 32
0.0
 13
1.0
 23
0.0
 33
0.0
 40
0.0
 40
0.0
 40
0.0
 40
0.0
 40
1.0
 40
1.0
 40
1.0
 40
2.0
 40
2.0
 40
2.0
 40
3.0
 40
3.0
 40
3.0
 40
4.0
 40
4.0
 40
4.0
 40
4.0
 10
402.4292689694882
 20
287.8667527220871
 30
0.0
 10
400.7729962512607
 20
287.8667527220871
 30
0.0
 10
399.4306578591267
 20
289.2093925600761
 30
0.0
 10
399.4306578591267
 20
290.8653638324486
 30
0.0
 10
399.4306578591267
 20
292.5216796143696
 30
0.0
 10
400.7729962512607
 20
293.86397494281
 30
0.0
 10
402.4292689694882
 20
293.86397494281
 30
0.0
 10
404.0851971781671
 20
293.86397494281
 30
0.0
 10
405.4278800798497
 20
292.5216796143696
 30
0.0
 10
405.4278800798497
 20
290.8653638324486
 30
0.0
 10
405.4278800798497
 20
289.2093925600761
 30
0.0
 10
404.0851971781671
 20
287.8667527220871
 30
0.0
 10
402.4292689694882
 20
287.8667527220871
 30
0.0
  0
SPLINE
  5
C8
330
41
100
AcDbEntity
  8
Calque 1
370
     0
100
AcDbSpline
210
0.0
220
0.0
230
1.0
 70
    11
 71
     3
 72
    17
 73
    13
 74
     0
 42
0.0000000001
 43
0.0000000001
 12
1.0
 22
0.0
 32
0.0
 13
1.0
 23
0.0
 33
0.0
 40
0.0
 40
0.0
 40
0.0
 40
0.0
 40
1.0
 40
1.0
 40
1.0
 40
2.0
 40
2.0
 40
2.0
 40
3.0
 40
3.0
 40
3.0
 40
4.0
 40
4.0
 40
4.0
 40
4.0
 10
430.1223245181205
 20
334.0806415994226
 30
0.0
 10
427.3946271039804
 20
334.0806415994226
 30
0.0
 10
425.1830911209178
 20
336.2918761366302
 30
0.0
 10
425.1830911209178
 20
339.0198749966253
 30
0.0
 10
425.1830911209178
 20
341.7471848375233
 30
0.0
 10
427.3946271039804
 20
343.9587638842794
 30
0.0
 10
430.1223245181205
 20
343.9587638842794
 30
0.0
 10
432.8500219322606
 20
343.9587638842794
 30
0.0
 10
435.0612134057747
 20
341.7471848375233
 30
0.0
 10
435.0612134057747
 20
339.0198749966253
 30
0.0
 10
435.0612134057747
 20
336.2918761366302
 30
0.0
 10
432.8500219322606
 20
334.0806415994226
 30
0.0
 10
430.1223245181205
 20
334.0806415994226
 30
0.0
  0
SPLINE
  5
C9
330
41
100
AcDbEntity
  8
Calque 1
370
     0
100
AcDbSpline
210
0.0
220
0.0
230
1.0
 70
    11
 71
     3
 72
    17
 73
    13
 74
     0
 42
0.0000000001
 43
0.0000000001
 12
1.0
 22
0.0
 32
0.0
 13
1.0
 23
0.0
 33
0.0
 40
0.0
 40
0.0
 40
0.0
 40
0.0
 40
1.0
 40
1.0
 40
1.0
 40
2.0
 40
2.0
 40
2.0
 40
3.0
 40
3.0
 40
3.0
 40
4.0
 40
4.0
 40
4.0
 40
4.0
 10
449.8778800687372
 20
334.0806415994226
 30
0.0
 10
447.1498381450485
 20
334.0806415994226
 30
0.0
 10
444.938991181083
 20
336.2918761366302
 30
0.0
 10
444.938991181083
 20
339.0198749966253
 30
0.0
 10
444.938991181083
 20
341.7471848375233
 30
0.0
 10
447.1498381450485
 20
343.9587638842794
 30
0.0
 10
449.8778800687372
 20
343.9587638842794
 30
0.0
 10
452.6055774828773
 20
343.9587638842794
 30
0.0
 10
454.8167689563913
 20
341.7471848375233
 30
0.0
 10
454.8167689563913
 20
339.0198749966253
 30
0.0
 10
454.8167689563913
 20
336.2918761366302
 30
0.0
 10
452.6055774828773
 20
334.0806415994226
 30
0.0
 10
449.8778800687372
 20
334.0806415994226
 30
0.0
  0
SPLINE
  5
CA
330
41
100
AcDbEntity
  8
Calque 1
370
     0
100
AcDbSpline
210
0.0
220
0.0
230
1.0
 70
    11
 71
     3
 72
    17
 73
    13
 74
     0
 42
0.0000000001
 43
0.0000000001
 12
1.0
 22
0.0
 32
0.0
 13
1.0
 23
0.0
 33
0.0
 40
0.0
 40
0.0
 40
0.0
 40
0.0
 40
1.0
 40
1.0
 40
1.0
 40
2.0
 40
2.0
 40
2.0
 40
3.0
 40
3.0
 40
3.0
 40
4.0
 40
4.0
 40
4.0
 40
4.0
 10
477.5709356173695
 20
287.8667527220871
 30
0.0
 10
475.914662899142
 20
287.8667527220871
 30
0.0
 10
474.572324507008
 20
289.2093925600761
 30
0.0
 10
474.572324507008
 20
290.8653638324486
 30
0.0
 10
474.572324507008
 20
292.5216796143696
 30
0.0
 10
475.914662899142
 20
293.86397494281
 30
0.0
 10
477.5709356173695
 20
293.86397494281
 30
0.0
 10
479.2268638260483
 20
293.86397494281
 30
0.0
 10
480.5695467277309
 20
292.5216796143696
 30
0.0
 10
480.5695467277309
 20
290.8653638324486
 30
0.0
 10
480.5695467277309
 20
289.2093925600761
 30
0.0
 10
479.2268638260483
 20
287.8667527220871
 30
0.0
 10
477.5709356173695
 20
287.8667527220871
 30
0.0
  0
POLYLINE
  5
CB
330
41
100
AcDbEntity
  8
Calque 1
370
     0
100
AcDb2dPolyline
 66
     1
 10
0.0
 20
0.0
 30
0.0
  0
VERTEX
  5
CC
330
CB
100
AcDbEntity
  8
Calque 1
370
     0
100
AcDbVertex
100
AcDb2dVertex
 10
528.8535073547658
 20
295.318149747134
 30
0.0
  0
VERTEX
  5
CD
330
CB
100
AcDbEntity
  8
Calque 1
370
     0
100
AcDbVertex
100
AcDb2dVertex
 10
526.7873113374873
 20
303.1646130969519
 30
0.0
  0
VERTEX
  5
CE
330
CB
100
AcDbEntity
  8
Calque 1
370
     0
100
AcDbVertex
100
AcDb2dVertex
 10
546.2327652307379
 20
308.2848001345174
 30
0.0
  0
VERTEX
  5
CF
330
CB
100
AcDbEntity
  8
Calque 1
370
     0
100
AcDbVertex
100
AcDb2dVertex
 10
548.29900431171
 20
300.4383367846995
 30
0.0
  0
VERTEX
  5
D0
330
CB
100
AcDbEntity
  8
Calque 1
370
     0
100
AcDbVertex
100
AcDb2dVertex
 10
528.8535073547658
 20
295.318149747134
 30
0.0
  0
SEQEND
  5
D1
330
CB
100
AcDbEntity
  8
Calque 1
370
     0
  0
SPLINE
  5
D2
330
41
100
AcDbEntity
  8
Calque 1
370
     0
100
AcDbSpline
210
0.0
220
0.0
230
1.0
 70
    11
 71
     3
 72
    17
 73
    13
 74
     0
 42
0.0000000001
 43
0.0000000001
 12
1.0
 22
0.0
 32
0.0
 13
1.0
 23
0.0
 33
0.0
 40
0.0
 40
0.0
 40
0.0
 40
0.0
 40
1.0
 40
1.0
 40
1.0
 40
2.0
 40
2.0
 40
2.0
 40
3.0
 40
3.0
 40
3.0
 40
4.0
 40
4.0
 40
4.0
 40
4.0
 10
560.1209355967319
 20
25.04730834334755
 30
0.0
 10
558.4646198148109
 20
25.04730834334755
 30
0.0
 10
557.1223244863705
 20
26.38960367178802
 30
0.0
 10
557.1223244863705
 20
28.04591945370901
 30
0.0
 10
557.1223244863705
 20
29.70223523563
 30
0.0
 10
558.4646198148109
 20
31.04453056407047
 30
0.0
 10
560.1209355967319
 20
31.04453056407047
 30
0.0
 10
561.7768638054108
 20
31.04453056407047
 30
0.0
 10
563.1195467070934
 20
29.70223523563
 30
0.0
 10
563.1195467070934
 20
28.04591945370901
 30
0.0
 10
563.1195467070934
 20
26.38960367178802
 30
0.0
 10
561.7768638054108
 20
25.04730834334755
 30
0.0
 10
560.1209355967319
 20
25.04730834334755
 30
0.0
  0
SPLINE
  5
D3
330
41
100
AcDbEntity
  8
Calque 1
370
     0
100
AcDbSpline
210
0.0
220
0.0
230
1.0
 70
    11
 71
     3
 72
    17
 73
    13
 74
     0
 42
0.0000000001
 43
0.0000000001
 12
1.0
 22
0.0
 32
0.0
 13
1.0
 23
0.0
 33
0.0
 40
0.0
 40
0.0
 40
0.0
 40
0.0
 40
1.0
 40
1.0
 40
1.0
 40
2.0
 40
2.0
 40
2.0
 40
3.0
 40
3.0
 40
3.0
 40
4.0
 40
4.0
 40
4.0
 40
4.0
 10
597.249375596673
 20
320.023876873119
 30
0.0
 10
595.8156991104862
 20
319.1955036636907
 30
0.0
 10
593.9826499301719
 20
319.6872910442102
 30
0.0
 10
593.1557408863248
 20
321.1220871864296
 30
0.0
 10
592.3284873329292
 20
322.5567972012619
 30
0.0
 10
592.8198871402066
 20
324.3908799102217
 30
0.0
 10
594.2539511996354
 20
325.2188224827144
 30
0.0
 10
595.687627685822
 20
326.0468511825942
 30
0.0
 10
597.5202892928943
 20
325.5550638020748
 30
0.0
 10
598.3475859099834
 20
324.120698296791
 30
0.0
 10
599.174839463379
 20
322.6859021545716
 30
0.0
 10
598.6830520828596
 20
320.8518194456117
 30
0.0
 10
597.249375596673
 20
320.023876873119
 30
0.0
  0
SPLINE
  5
D4
330
41
100
AcDbEntity
  8
Calque 1
370
     0
100
AcDbSpline
210
0.0
220
0.0
230
1.0
 70
    11
 71
     3
 72
    17
 73
    13
 74
     0
 42
0.0000000001
 43
0.0000000001
 12
1.0
 22
0.0
 32
0.0
 13
1.0
 23
0.0
 33
0.0
 40
0.0
 40
0.0
 40
0.0
 40
0.0
 40
1.0
 40
1.0
 40
1.0
 40
2.0
 40
2.0
 40
2.0
 40
3.0
 40
3.0
 40
3.0
 40
4.0
 40
4.0
 40
4.0
 40
4.0
 10
598.5052851558207
 20
373.9614975736104
 30
0.0
 10
596.1772618816632
 20
372.5354864248783
 30
0.0
 10
593.1367067337688
 20
373.2664495594612
 30
0.0
 10
591.7139253620542
 20
375.5944728336187
 30
0.0
 10
590.2908425444846
 20
377.9220654708407
 30
0.0
 10
591.0242603096008
 20
380.9651183129619
 30
0.0
 10
593.3522405200647
 20
382.3910433343067
 30
0.0
 10
595.6802207305287
 20
383.8169683556517
 30
0.0
 10
598.7208189421167
 20
383.0856607115203
 30
0.0
 10
600.1435572501377
 20
380.7580680742984
 30
0.0
 10
601.5666831314009
 20
378.4304754370764
 30
0.0
 10
600.8328777930427
 20
375.3874225949552
 30
0.0
 10
598.5052851558207
 20
373.9614975736104
 30
0.0
  0
SPLINE
  5
D5
330
41
100
AcDbEntity
  8
Calque 1
370
     0
100
AcDbSpline
210
0.0
220
0.0
230
1.0
 70
    11
 71
     3
 72
    17
 73
    13
 74
     0
 42
0.0000000001
 43
0.0000000001
 12
1.0
 22
0.0
 32
0.0
 13
1.0
 23
0.0
 33
0.0
 40
0.0
 40
0.0
 40
0.0
 40
0.0
 40
1.0
 40
1.0
 40
1.0
 40
2.0
 40
2.0
 40
2.0
 40
3.0
 40
3.0
 40
3.0
 40
4.0
 40
4.0
 40
4.0
 40
4.0
 10
616.1458965880425
 20
384.1937756743509
 30
0.0
 10
613.8179163775785
 20
382.767850653006
 30
0.0
 10
610.7773612296842
 20
383.4988137875889
 30
0.0
 10
609.3545798579695
 20
385.8267509343593
 30
0.0
 10
607.9314970404
 20
388.1544296989683
 30
0.0
 10
608.6652593150646
 20
391.1974825410895
 30
0.0
 10
610.9928950159801
 20
392.6234075624345
 30
0.0
 10
613.3208752264441
 20
394.0493325837793
 30
0.0
 10
616.361473438032
 20
393.3183694491965
 30
0.0
 10
617.7845562556016
 20
390.990432302426
 30
0.0
 10
619.2073376273163
 20
388.662753537817
 30
0.0
 10
618.4738767985066
 20
385.6197006956958
 30
0.0
 10
616.1458965880425
 20
384.1937756743509
 30
0.0
  0
SPLINE
  5
D6
330
41
100
AcDbEntity
  8
Calque 1
370
     0
100
AcDbSpline
210
0.0
220
0.0
230
1.0
 70
    11
 71
     3
 72
    17
 73
    13
 74
     0
 42
0.0000000001
 43
0.0000000001
 12
1.0
 22
0.0
 32
0.0
 13
1.0
 23
0.0
 33
0.0
 40
0.0
 40
0.0
 40
0.0
 40
0.0
 40
1.0
 40
1.0
 40
1.0
 40
2.0
 40
2.0
 40
2.0
 40
3.0
 40
3.0
 40
3.0
 40
4.0
 40
4.0
 40
4.0
 40
4.0
 10
662.5185613035544
 20
357.4228860597328
 30
0.0
 10
661.087339447901
 20
356.5963215254343
 30
0.0
 10
659.257821490459
 20
357.0874198868567
 30
0.0
 10
658.4323335484996
 20
358.5189431883651
 30
0.0
 10
657.606458033298
 20
359.9512416363577
 30
0.0
 10
658.0972118851719
 20
361.7821376319937
 30
0.0
 10
659.5283906771318
 20
362.6083576567437
 30
0.0
 10
660.9596125327853
 20
363.4349221910423
 30
0.0
 10
662.7891304902272
 20
362.9441683391685
 30
0.0
 10
663.6146184321866
 20
361.5123005281116
 30
0.0
 10
664.4404939473882
 20
360.0800020801189
 30
0.0
 10
663.9497831592079
 20
358.2491060844829
 30
0.0
 10
662.5185613035544
 20
357.4228860597328
 30
0.0
  0
SPLINE
  5
D7
330
41
100
AcDbEntity
  8
Calque 1
370
     0
100
AcDbSpline
210
0.0
220
0.0
230
1.0
 70
    11
 71
     3
 72
    17
 73
    13
 74
     0
 42
0.0000000001
 43
0.0000000001
 12
1.0
 22
0.0
 32
0.0
 13
1.0
 23
0.0
 33
0.0
 40
0.0
 40
0.0
 40
0.0
 40
0.0
 40
1.0
 40
1.0
 40
1.0
 40
2.0
 40
2.0
 40
2.0
 40
3.0
 40
3.0
 40
3.0
 40
4.0
 40
4.0
 40
4.0
 40
4.0
 10
672.8334355685538
 20
432.8587638620544
 30
0.0
 10
671.469565329637
 20
432.8587638620544
 30
0.0
 10
670.3639911247268
 20
433.9640366211097
 30
0.0
 10
670.3639911247268
 20
435.327863796333
 30
0.0
 10
670.3639911247268
 20
436.6916909715563
 30
0.0
 10
671.469565329637
 20
437.7976527497086
 30
0.0
 10
672.8334355685538
 20
437.7976527497086
 30
0.0
 10
674.1972627437771
 20
437.7976527497086
 30
0.0
 10
675.3028800123809
 20
436.6916909715563
 30
0.0
 10
675.3028800123809
 20
435.327863796333
 30
0.0
 10
675.3028800123809
 20
433.9640366211097
 30
0.0
 10
674.1972627437771
 20
432.8587638620544
 30
0.0
 10
672.8334355685538
 20
432.8587638620544
 30
0.0
  0
POLYLINE
  5
D8
330
41
100
AcDbEntity
  8
Calque 1
370
     0
100
AcDb2dPolyline
 66
     1
 10
0.0
 20
0.0
 30
0.0
  0
VERTEX
  5
D9
330
D8
100
AcDbEntity
  8
Calque 1
370
     0
100
AcDbVertex
100
AcDb2dVertex
 10
703.6728968238648
 20
389.9048827150238
 30
0.0
  0
VERTEX
  5
DA
330
D8
100
AcDbEntity
  8
Calque 1
370
     0
100
AcDbVertex
100
AcDb2dVertex
 10
697.9476648917024
 20
395.6544886977444
 30
0.0
  0
VERTEX
  5
DB
330
D8
100
AcDbEntity
  8
Calque 1
370
     0
100
AcDbVertex
100
AcDb2dVertex
 10
712.1967090097763
 20
409.8428560715844
 30
0.0
  0
VERTEX
  5
DC
330
D8
100
AcDbEntity
  8
Calque 1
370
     0
100
AcDbVertex
100
AcDb2dVertex
 10
717.9219409419388
 20
404.0932500888638
 30
0.0
  0
VERTEX
  5
DD
330
D8
100
AcDbEntity
  8
Calque 1
370
     0
100
AcDbVertex
100
AcDb2dVertex
 10
703.6728968238648
 20
389.9048827150238
 30
0.0
  0
SEQEND
  5
DE
330
D8
100
AcDbEntity
  8
Calque 1
370
     0
  0
SPLINE
  5
DF
330
41
100
AcDbEntity
  8
Calque 1
370
     0
100
AcDbSpline
210
0.0
220
0.0
230
1.0
 70
    11
 71
     3
 72
    17
 73
    13
 74
     0
 42
0.0000000001
 43
0.0000000001
 12
1.0
 22
0.0
 32
0.0
 13
1.0
 23
0.0
 33
0.0
 40
0.0
 40
0.0
 40
0.0
 40
0.0
 40
1.0
 40
1.0
 40
1.0
 40
2.0
 40
2.0
 40
2.0
 40
3.0
 40
3.0
 40
3.0
 40
4.0
 40
4.0
 40
4.0
 40
4.0
 10
724.4063427279697
 20
492.8729731705101
 30
0.0
 10
723.0661144568203
 20
490.4945223111872
 30
0.0
 10
720.0537660282114
 20
489.6538759490927
 30
0.0
 10
717.6781573726638
 20
490.995482258436
 30
0.0
 10
715.3025917808098
 20
492.3370885677795
 30
0.0
 10
714.4629789473609
 20
495.3530112829543
 30
0.0
 10
715.8031641548166
 20
497.7314190785837
 30
0.0
 10
717.1430048527238
 20
500.1094823646645
 30
0.0
 10
720.1553963450262
 20
500.9501717904526
 30
0.0
 10
722.5313495101224
 20
499.6085654811092
 30
0.0
 10
724.9069151019764
 20
498.2669591717657
 30
0.0
 10
725.746570999119
 20
495.2513809661394
 30
0.0
 10
724.4063427279697
 20
492.8729731705101
 30
0.0
  0
SPLINE
  5
E0
330
41
100
AcDbEntity
  8
Calque 1
370
     0
100
AcDbSpline
210
0.0
220
0.0
230
1.0
 70
    11
 71
     3
 72
    17
 73
    13
 74
     0
 42
0.0000000001
 43
0.0000000001
 12
1.0
 22
0.0
 32
0.0
 13
1.0
 23
0.0
 33
0.0
 40
0.0
 40
0.0
 40
0.0
 40
0.0
 40
1.0
 40
1.0
 40
1.0
 40
2.0
 40
2.0
 40
2.0
 40
3.0
 40
3.0
 40
3.0
 40
4.0
 40
4.0
 40
4.0
 40
4.0
 10
734.6386208287101
 20
510.5079863225683
 30
0.0
 10
733.298478684948
 20
508.1295354632454
 30
0.0
 10
730.2860871926455
 20
507.2892336106994
 30
0.0
 10
727.9104354734044
 20
508.6308399200428
 30
0.0
 10
725.5345253720018
 20
509.9724462293863
 30
0.0
 10
724.695300111795
 20
512.9883689445611
 30
0.0
 10
726.0354422555572
 20
515.366432230642
 30
0.0
 10
727.3753260171579
 20
517.7448400262713
 30
0.0
 10
730.3877175094603
 20
518.5855294520594
 30
0.0
 10
732.763627610863
 20
517.243923142716
 30
0.0
 10
735.1392793301042
 20
515.9023168333725
 30
0.0
 10
735.9788490998595
 20
512.8863941181977
 30
0.0
 10
734.6386208287101
 20
510.5079863225683
 30
0.0
  0
SPLINE
  5
E1
330
41
100
AcDbEntity
  8
Calque 1
370
     0
100
AcDbSpline
210
0.0
220
0.0
230
1.0
 70
    11
 71
     3
 72
    17
 73
    13
 74
     0
 42
0.0000000001
 43
0.0000000001
 12
1.0
 22
0.0
 32
0.0
 13
1.0
 23
0.0
 33
0.0
 40
0.0
 40
0.0
 40
0.0
 40
0.0
 40
1.0
 40
1.0
 40
1.0
 40
2.0
 40
2.0
 40
2.0
 40
3.0
 40
3.0
 40
3.0
 40
4.0
 40
4.0
 40
4.0
 40
4.0
 10
439.8251345064717
 20
367.9444660538472
 30
0.0
 10
274.117979532165
 20
367.9444660538472
 30
0.0
 10
139.7858689700448
 20
502.2766196796609
 30
0.0
 10
139.7858689700448
 20
667.9833870807255
 30
0.0
 10
139.7858689700448
 20
833.6904559276452
 30
0.0
 10
274.117979532165
 20
968.0226526171524
 30
0.0
 10
439.8251345064717
 20
968.0226526171524
 30
0.0
 10
605.5322464170848
 20
968.0226526171524
 30
0.0
 10
739.8643139155114
 20
833.6904559276452
 30
0.0
 10
739.8643139155114
 20
667.9833870807255
 30
0.0
 10
739.8643139155114
 20
502.2766196796609
 30
0.0
 10
605.5322464170848
 20
367.9444660538472
 30
0.0
 10
439.8251345064717
 20
367.9444660538472
 30
0.0
  0
SPLINE
  5
E2
330
41
100
AcDbEntity
  8
Calque 1
370
     0
100
AcDbSpline
210
0.0
220
0.0
230
1.0
 70
    11
 71
     3
 72
    17
 73
    13
 74
     0
 42
0.0000000001
 43
0.0000000001
 12
1.0
 22
0.0
 32
0.0
 13
1.0
 23
0.0
 33
0.0
 40
0.0
 40
0.0
 40
0.0
 40
0.0
 40
1.0
 40
1.0
 40
1.0
 40
2.0
 40
2.0
 40
2.0
 40
3.0
 40
3.0
 40
3.0
 40
4.0
 40
4.0
 40
4.0
 40
4.0
 10
751.109880725851
 20
446.0039563229608
 30
0.0
 10
750.2821965355198
 20
444.5702798367741
 30
0.0
 10
748.4492334825926
 20
444.0791814753517
 30
0.0
 10
747.0159015059544
 20
444.906865665683
 30
0.0
 10
745.5821388923805
 20
445.7348082381757
 30
0.0
 10
745.0911266583453
 20
447.5675129089415
 30
0.0
 10
745.9187247212894
 20
449.0011893951282
 30
0.0
 10
746.7463227842336
 20
450.4348658813149
 30
0.0
 10
748.5793719645479
 20
450.9259642427373
 30
0.0
 10
750.0130484507346
 20
450.098280052406
 30
0.0
 10
751.4463804273728
 20
449.2706819894619
 30
0.0
 10
751.9374787887951
 20
447.4376328091475
 30
0.0
 10
751.109880725851
 20
446.0039563229608
 30
0.0
  0
SPLINE
  5
E3
330
41
100
AcDbEntity
  8
Calque 1
370
     0
100
AcDbSpline
210
0.0
220
0.0
230
1.0
 70
    11
 71
     3
 72
    17
 73
    13
 74
     0
 42
0.0000000001
 43
0.0000000001
 12
1.0
 22
0.0
 32
0.0
 13
1.0
 23
0.0
 33
0.0
 40
0.0
 40
0.0
 40
0.0
 40
0.0
 40
1.0
 40
1.0
 40
1.0
 40
2.0
 40
2.0
 40
2.0
 40
3.0
 40
3.0
 40
3.0
 40
4.0
 40
4.0
 40
4.0
 40
4.0
 10
750.0130484507346
 20
887.2827058057401
 30
0.0
 10
748.5793719645479
 20
886.455107742796
 30
0.0
 10
746.7463227842336
 20
886.9462061042184
 30
0.0
 10
745.9187247212894
 20
888.379882590405
 30
0.0
 10
745.0911266583453
 20
889.8135590765918
 30
0.0
 10
745.5821388923805
 20
891.6462637473576
 30
0.0
 10
747.0159015059544
 20
892.4742063198503
 30
0.0
 10
748.4492334825926
 20
893.3018043827943
 30
0.0
 10
750.2821965355198
 20
892.8107921487591
 30
0.0
 10
751.109880725851
 20
891.3770295351853
 30
0.0
 10
751.9374787887951
 20
889.9436975585471
 30
0.0
 10
751.4463804273728
 20
888.1103038686842
 30
0.0
 10
750.0130484507346
 20
887.2827058057401
 30
0.0
  0
SPLINE
  5
E4
330
41
100
AcDbEntity
  8
Calque 1
370
     0
100
AcDbSpline
210
0.0
220
0.0
230
1.0
 70
    11
 71
     3
 72
    17
 73
    13
 74
     0
 42
0.0000000001
 43
0.0000000001
 12
1.0
 22
0.0
 32
0.0
 13
1.0
 23
0.0
 33
0.0
 40
0.0
 40
0.0
 40
0.0
 40
0.0
 40
1.0
 40
1.0
 40
1.0
 40
2.0
 40
2.0
 40
2.0
 40
3.0
 40
3.0
 40
3.0
 40
4.0
 40
4.0
 40
4.0
 40
4.0
 10
769.14176887781
 20
652.9920971403544
 30
0.0
 10
766.4140283999764
 20
652.9920971403544
 30
0.0
 10
764.2028799901559
 20
655.2032886138685
 30
0.0
 10
764.2028799901559
 20
657.9309860280086
 30
0.0
 10
764.2028799901559
 20
660.6582958689066
 30
0.0
 10
766.4140283999764
 20
662.8698749156628
 30
0.0
 10
769.14176887781
 20
662.8698749156628
 30
0.0
 10
771.8694232282567
 20
662.8698749156628
 30
0.0
 10
774.0806577654643
 20
660.6582958689066
 30
0.0
 10
774.0806577654643
 20
657.9309860280086
 30
0.0
 10
774.0806577654643
 20
655.2032886138685
 30
0.0
 10
771.8694232282567
 20
652.9920971403544
 30
0.0
 10
769.14176887781
 20
652.9920971403544
 30
0.0
  0
SPLINE
  5
E5
330
41
100
AcDbEntity
  8
Calque 1
370
     0
100
AcDbSpline
210
0.0
220
0.0
230
1.0
 70
    11
 71
     3
 72
    17
 73
    13
 74
     0
 42
0.0000000001
 43
0.0000000001
 12
1.0
 22
0.0
 32
0.0
 13
1.0
 23
0.0
 33
0.0
 40
0.0
 40
0.0
 40
0.0
 40
0.0
 40
1.0
 40
1.0
 40
1.0
 40
2.0
 40
2.0
 40
2.0
 40
3.0
 40
3.0
 40
3.0
 40
4.0
 40
4.0
 40
4.0
 40
4.0
 10
769.14176887781
 20
673.1004304686606
 30
0.0
 10
766.4140283999764
 20
673.1004304686606
 30
0.0
 10
764.2028799901559
 20
675.3116219421747
 30
0.0
 10
764.2028799901559
 20
678.0393193563149
 30
0.0
 10
764.2028799901559
 20
680.767016770455
 30
0.0
 10
766.4140283999764
 20
682.978208243969
 30
0.0
 10
769.14176887781
 20
682.978208243969
 30
0.0
 10
771.8694232282567
 20
682.978208243969
 30
0.0
 10
774.0806577654643
 20
680.767016770455
 30
0.0
 10
774.0806577654643
 20
678.0393193563149
 30
0.0
 10
774.0806577654643
 20
675.3116219421747
 30
0.0
 10
771.8694232282567
 20
673.1004304686606
 30
0.0
 10
769.14176887781
 20
673.1004304686606
 30
0.0
  0
POLYLINE
  5
E6
330
41
100
AcDbEntity
  8
Calque 1
370
     0
100
AcDb2dPolyline
 66
     1
 10
0.0
 20
0.0
 30
0.0
  0
VERTEX
  5
E7
330
E6
100
AcDbEntity
  8
Calque 1
370
     0
100
AcDbVertex
100
AcDb2dVertex
 10
780.0778799861872
 20
1207.911541446069
 30
0.0
  0
VERTEX
  5
E8
330
E6
100
AcDbEntity
  8
Calque 1
370
     0
100
AcDbVertex
100
AcDb2dVertex
 10
815.0769495303888
 20
1207.911541446069
 30
0.0
  0
VERTEX
  5
E9
330
E6
100
AcDbEntity
  8
Calque 1
370
     0
100
AcDbVertex
100
AcDb2dVertex
 10
815.0769495303888
 20
1147.911069455861
 30
0.0
  0
VERTEX
  5
EA
330
E6
100
AcDbEntity
  8
Calque 1
370
     0
100
AcDbVertex
100
AcDb2dVertex
 10
780.0778799861872
 20
1147.911069455861
 30
0.0
  0
VERTEX
  5
EB
330
E6
100
AcDbEntity
  8
Calque 1
370
     0
100
AcDbVertex
100
AcDb2dVertex
 10
780.0778799861872
 20
1207.911541446069
 30
0.0
  0
SEQEND
  5
EC
330
E6
100
AcDbEntity
  8
Calque 1
370
     0
  0
SPLINE
  5
ED
330
41
100
AcDbEntity
  8
Calque 1
370
     0
100
AcDbSpline
210
0.0
220
0.0
230
1.0
 70
    11
 71
     3
 72
    17
 73
    13
 74
     0
 42
0.0000000001
 43
0.0000000001
 12
1.0
 22
0.0
 32
0.0
 13
1.0
 23
0.0
 33
0.0
 40
0.0
 40
0.0
 40
0.0
 40
0.0
 40
1.0
 40
1.0
 40
1.0
 40
2.0
 40
2.0
 40
2.0
 40
3.0
 40
3.0
 40
3.0
 40
4.0
 40
4.0
 40
4.0
 40
4.0
 10
787.3909564275012
 20
822.026568398009
 30
0.0
 10
785.9600360177027
 20
821.2007790101947
 30
0.0
 10
784.1305180602608
 20
821.6907577155843
 30
0.0
 10
783.3043841628979
 20
823.1220226349313
 30
0.0
 10
782.4781641381478
 20
824.5525124077942
 30
0.0
 10
782.9684873530861
 20
826.3823748747847
 30
0.0
 10
784.3994077628846
 20
827.2085948995347
 30
0.0
 10
785.8302420452959
 20
828.0347287968976
 30
0.0
 10
787.6597600027379
 20
827.5444055819594
 30
0.0
 10
788.4859800274879
 20
826.1135712995481
 30
0.0
 10
789.3121139248508
 20
824.6826508897495
 30
0.0
 10
788.8217907099126
 20
822.8527884227591
 30
0.0
 10
787.3909564275012
 20
822.026568398009
 30
0.0
  0
SPLINE
  5
EE
330
41
100
AcDbEntity
  8
Calque 1
370
     0
100
AcDbSpline
210
0.0
220
0.0
230
1.0
 70
    11
 71
     3
 72
    17
 73
    13
 74
     0
 42
0.0000000001
 43
0.0000000001
 12
1.0
 22
0.0
 32
0.0
 13
1.0
 23
0.0
 33
0.0
 40
0.0
 40
0.0
 40
0.0
 40
0.0
 40
1.0
 40
1.0
 40
1.0
 40
2.0
 40
2.0
 40
2.0
 40
3.0
 40
3.0
 40
3.0
 40
4.0
 40
4.0
 40
4.0
 40
4.0
 10
788.4859800274879
 20
510.9147229082956
 30
0.0
 10
787.6597600027379
 20
509.4838455621907
 30
0.0
 10
785.8302420452959
 20
508.9934792835589
 30
0.0
 10
784.3994077628846
 20
509.819699308309
 30
0.0
 10
782.9684873530861
 20
510.6459193330591
 30
0.0
 10
782.4781641381478
 20
512.4757818000495
 30
0.0
 10
783.3043841628979
 20
513.9062715729124
 30
0.0
 10
784.1305180602608
 20
515.3371489190173
 30
0.0
 10
785.9600360177027
 20
515.8278597071976
 30
0.0
 10
787.3909564275012
 20
515.001295172899
 30
0.0
 10
788.8217907099126
 20
514.175462721391
 30
0.0
 10
789.3121139248508
 20
512.3456002544006
 30
0.0
 10
788.4859800274879
 20
510.9147229082956
 30
0.0
  0
SPLINE
  5
EF
330
41
100
AcDbEntity
  8
Calque 1
370
     0
100
AcDbSpline
210
0.0
220
0.0
230
1.0
 70
    11
 71
     3
 72
    29
 73
    25
 74
     0
 42
0.0000000001
 43
0.0000000001
 12
1.0
 22
0.0
 32
0.0
 13
1.0
 23
0.0
 33
0.0
 40
0.0
 40
0.0
 40
0.0
 40
0.0
 40
1.0
 40
1.0
 40
1.0
 40
2.0
 40
2.0
 40
2.0
 40
3.0
 40
3.0
 40
3.0
 40
4.0
 40
4.0
 40
4.0
 40
5.0
 40
5.0
 40
5.0
 40
6.0
 40
6.0
 40
6.0
 40
7.0
 40
7.0
 40
7.0
 40
8.0
 40
8.0
 40
8.0
 40
8.0
 10
797.5403799818215
 20
276.1167378053198
 30
0.0
 10
797.6543265149962
 20
275.7004841433145
 30
0.0
 10
797.7202139661516
 20
275.264421182269
 30
0.0
 10
797.7202139661516
 20
274.8121662724428
 30
0.0
 10
797.7202139661516
 20
272.0834783933507
 30
0.0
 10
795.5083765372341
 20
269.871554837046
 30
0.0
 10
792.7796025307548
 20
269.871554837046
 30
0.0
 10
790.0508285242755
 20
269.871554837046
 30
0.0
 10
787.838991095358
 20
272.0834783933507
 30
0.0
 10
787.838991095358
 20
274.8121662724428
 30
0.0
 10
787.838991095358
 20
275.202753973083
 30
0.0
 10
787.8890311072812
 20
275.5809393299763
 30
0.0
 10
787.9747278574769
 20
275.9453443049286
 30
0.0
 10
784.7510658845414
 20
277.6195745833729
 30
0.0
 10
782.5473244300142
 20
280.9865525284947
 30
0.0
 10
782.5473244300142
 20
284.8698641594683
 30
0.0
 10
782.5473244300142
 20
290.4218939161098
 30
0.0
 10
787.0479971719446
 20
294.9223082758788
 30
0.0
 10
792.5996824190377
 20
294.9223082758788
 30
0.0
 10
798.1513676661306
 20
294.9223082758788
 30
0.0
 10
802.6521265354481
 20
290.4218939161098
 30
0.0
 10
802.6521265354481
 20
284.8698641594683
 30
0.0
 10
802.6521265354481
 20
281.1145378257717
 30
0.0
 10
800.591528798333
 20
277.8425583886557
 30
0.0
 10
797.5403799818215
 20
276.1167378053198
 30
0.0
  0
POLYLINE
  5
F0
330
41
100
AcDbEntity
  8
Calque 1
370
     0
100
AcDb2dPolyline
 66
     1
 10
0.0
 20
0.0
 30
0.0
  0
VERTEX
  5
F1
330
F0
100
AcDbEntity
  8
Calque 1
370
     0
100
AcDbVertex
100
AcDb2dVertex
 10
808.1021814657262
 20
560.2186040537388
 30
0.0
  0
VERTEX
  5
F2
330
F0
100
AcDbEntity
  8
Calque 1
370
     0
100
AcDbVertex
100
AcDb2dVertex
 10
800.2507227274547
 20
562.2654214089129
 30
0.0
  0
VERTEX
  5
F3
330
F0
100
AcDbEntity
  8
Calque 1
370
     0
100
AcDbVertex
100
AcDb2dVertex
 10
805.322936810388
 20
581.7235790917653
 30
0.0
  0
VERTEX
  5
F4
330
F0
100
AcDbEntity
  8
Calque 1
370
     0
100
AcDbVertex
100
AcDb2dVertex
 10
813.1743955486596
 20
579.6767617365913
 30
0.0
  0
VERTEX
  5
F5
330
F0
100
AcDbEntity
  8
Calque 1
370
     0
100
AcDbVertex
100
AcDb2dVertex
 10
808.1021814657262
 20
560.2186040537388
 30
0.0
  0
SEQEND
  5
F6
330
F0
100
AcDbEntity
  8
Calque 1
370
     0
  0
POLYLINE
  5
F7
330
41
100
AcDbEntity
  8
Calque 1
370
     0
100
AcDb2dPolyline
 66
     1
 10
0.0
 20
0.0
 30
0.0
  0
VERTEX
  5
F8
330
F7
100
AcDbEntity
  8
Calque 1
370
     0
100
AcDbVertex
100
AcDb2dVertex
 10
805.5254222975336
 20
755.9858966208994
 30
0.0
  0
VERTEX
  5
F9
330
F7
100
AcDbEntity
  8
Calque 1
370
     0
100
AcDbVertex
100
AcDb2dVertex
 10
800.0881142205509
 20
775.3452661907123
 30
0.0
  0
VERTEX
  5
FA
330
F7
100
AcDbEntity
  8
Calque 1
370
     0
100
AcDbVertex
100
AcDb2dVertex
 10
807.8996959785807
 20
777.5395336326551
 30
0.0
  0
VERTEX
  5
FB
330
F7
100
AcDbEntity
  8
Calque 1
370
     0
100
AcDbVertex
100
AcDb2dVertex
 10
813.3370040555634
 20
758.1801640628421
 30
0.0
  0
VERTEX
  5
FC
330
F7
100
AcDbEntity
  8
Calque 1
370
     0
100
AcDbVertex
100
AcDb2dVertex
 10
805.5254222975336
 20
755.9858966208994
 30
0.0
  0
SEQEND
  5
FD
330
F7
100
AcDbEntity
  8
Calque 1
370
     0
  0
SPLINE
  5
FE
330
41
100
AcDbEntity
  8
Calque 1
370
     0
100
AcDbSpline
210
0.0
220
0.0
230
1.0
 70
    11
 71
     3
 72
    17
 73
    13
 74
     0
 42
0.0000000001
 43
0.0000000001
 12
1.0
 22
0.0
 32
0.0
 13
1.0
 23
0.0
 33
0.0
 40
0.0
 40
0.0
 40
0.0
 40
0.0
 40
1.0
 40
1.0
 40
1.0
 40
2.0
 40
2.0
 40
2.0
 40
3.0
 40
3.0
 40
3.0
 40
4.0
 40
4.0
 40
4.0
 40
4.0
 10
817.2959355324382
 20
627.2393193690149
 30
0.0
 10
815.6399642600658
 20
627.2393193690149
 30
0.0
 10
814.2973244220767
 20
628.5816577611489
 30
0.0
 10
814.2973244220767
 20
630.2379304793764
 30
0.0
 10
814.2973244220767
 20
631.8938586880552
 30
0.0
 10
815.6399642600658
 20
633.2365415897377
 30
0.0
 10
817.2959355324382
 20
633.2365415897377
 30
0.0
 10
818.952165186972
 20
633.2365415897377
 30
0.0
 10
820.2945466427997
 20
631.8938586880552
 30
0.0
 10
820.2945466427997
 20
630.2379304793764
 30
0.0
 10
820.2945466427997
 20
628.5816577611489
 30
0.0
 10
818.952165186972
 20
627.2393193690149
 30
0.0
 10
817.2959355324382
 20
627.2393193690149
 30
0.0
  0
SPLINE
  5
FF
330
41
100
AcDbEntity
  8
Calque 1
370
     0
100
AcDbSpline
210
0.0
220
0.0
230
1.0
 70
    11
 71
     3
 72
    17
 73
    13
 74
     0
 42
0.0000000001
 43
0.0000000001
 12
1.0
 22
0.0
 32
0.0
 13
1.0
 23
0.0
 33
0.0
 40
0.0
 40
0.0
 40
0.0
 40
0.0
 40
1.0
 40
1.0
 40
1.0
 40
2.0
 40
2.0
 40
2.0
 40
3.0
 40
3.0
 40
3.0
 40
4.0
 40
4.0
 40
4.0
 40
4.0
 10
817.2959355324382
 20
702.7337637945857
 30
0.0
 10
815.6399642600658
 20
702.7337637945857
 30
0.0
 10
814.2973244220767
 20
704.0761021867197
 30
0.0
 10
814.2973244220767
 20
705.7323749049472
 30
0.0
 10
814.2973244220767
 20
707.3883031136261
 30
0.0
 10
815.6399642600658
 20
708.7309860153086
 30
0.0
 10
817.2959355324382
 20
708.7309860153086
 30
0.0
 10
818.952165186972
 20
708.7309860153086
 30
0.0
 10
820.2945466427997
 20
707.3883031136261
 30
0.0
 10
820.2945466427997
 20
705.7323749049472
 30
0.0
 10
820.2945466427997
 20
704.0761021867197
 30
0.0
 10
818.952165186972
 20
702.7337637945857
 30
0.0
 10
817.2959355324382
 20
702.7337637945857
 30
0.0
  0
SPLINE
  5
100
330
41
100
AcDbEntity
  8
Calque 1
370
     0
100
AcDbSpline
210
0.0
220
0.0
230
1.0
 70
    11
 71
     3
 72
    17
 73
    13
 74
     0
 42
0.0000000001
 43
0.0000000001
 12
1.0
 22
0.0
 32
0.0
 13
1.0
 23
0.0
 33
0.0
 40
0.0
 40
0.0
 40
0.0
 40
0.0
 40
1.0
 40
1.0
 40
1.0
 40
2.0
 40
2.0
 40
2.0
 40
3.0
 40
3.0
 40
3.0
 40
4.0
 40
4.0
 40
4.0
 40
4.0
 10
859.9820466328778
 20
74.7889749975788
 30
0.0
 10
858.3260753605053
 20
74.7889749975788
 30
0.0
 10
856.9834355225163
 20
76.13127032601928
 30
0.0
 10
856.9834355225163
 20
77.78758610794026
 30
0.0
 10
856.9834355225163
 20
79.44390188986125
 30
0.0
 10
858.3260753605053
 20
80.78619721830172
 30
0.0
 10
859.9820466328778
 20
80.78619721830172
 30
0.0
 10
861.6379317778632
 20
80.78619721830172
 30
0.0
 10
862.9806577432392
 20
79.44390188986125
 30
0.0
 10
862.9806577432392
 20
77.78758610794026
 30
0.0
 10
862.9806577432392
 20
76.13127032601928
 30
0.0
 10
861.6379317778632
 20
74.7889749975788
 30
0.0
 10
859.9820466328778
 20
74.7889749975788
 30
0.0
  0
SPLINE
  5
101
330
41
100
AcDbEntity
  8
Calque 1
370
     0
100
AcDbSpline
210
0.0
220
0.0
230
1.0
 70
    11
 71
     3
 72
    17
 73
    13
 74
     0
 42
0.0000000001
 43
0.0000000001
 12
1.0
 22
0.0
 32
0.0
 13
1.0
 23
0.0
 33
0.0
 40
0.0
 40
0.0
 40
0.0
 40
0.0
 40
1.0
 40
1.0
 40
1.0
 40
2.0
 40
2.0
 40
2.0
 40
3.0
 40
3.0
 40
3.0
 40
4.0
 40
4.0
 40
4.0
 40
4.0
 10
859.9820466328778
 20
394.7587638715794
 30
0.0
 10
858.3260753605053
 20
394.7587638715794
 30
0.0
 10
856.9834355225163
 20
396.1010592000199
 30
0.0
 10
856.9834355225163
 20
397.7573749819409
 30
0.0
 10
856.9834355225163
 20
399.4133462543134
 30
0.0
 10
858.3260753605053
 20
400.7559860923024
 30
0.0
 10
859.9820466328778
 20
400.7559860923024
 30
0.0
 10
861.6379317778632
 20
400.7559860923024
 30
0.0
 10
862.9806577432392
 20
399.4133462543134
 30
0.0
 10
862.9806577432392
 20
397.7573749819409
 30
0.0
 10
862.9806577432392
 20
396.1010592000199
 30
0.0
 10
861.6379317778632
 20
394.7587638715794
 30
0.0
 10
859.9820466328778
 20
394.7587638715794
 30
0.0
  0
SPLINE
  5
102
330
41
100
AcDbEntity
  8
Calque 1
370
     0
100
AcDbSpline
210
0.0
220
0.0
230
1.0
 70
    11
 71
     3
 72
    17
 73
    13
 74
     0
 42
0.0000000001
 43
0.0000000001
 12
1.0
 22
0.0
 32
0.0
 13
1.0
 23
0.0
 33
0.0
 40
0.0
 40
0.0
 40
0.0
 40
0.0
 40
1.0
 40
1.0
 40
1.0
 40
2.0
 40
2.0
 40
2.0
 40
3.0
 40
3.0
 40
3.0
 40
4.0
 40
4.0
 40
4.0
 40
4.0
 10
859.9820466328778
 20
714.7282082360315
 30
0.0
 10
858.3260753605053
 20
714.7282082360315
 30
0.0
 10
856.9834355225163
 20
716.0705466281655
 30
0.0
 10
856.9834355225163
 20
717.726819346393
 30
0.0
 10
856.9834355225163
 20
719.3827475550719
 30
0.0
 10
858.3260753605053
 20
720.7254304567545
 30
0.0
 10
859.9820466328778
 20
720.7254304567545
 30
0.0
 10
861.6379317778632
 20
720.7254304567545
 30
0.0
 10
862.9806577432392
 20
719.3827475550719
 30
0.0
 10
862.9806577432392
 20
717.726819346393
 30
0.0
 10
862.9806577432392
 20
716.0705466281655
 30
0.0
 10
861.6379317778632
 20
714.7282082360315
 30
0.0
 10
859.9820466328778
 20
714.7282082360315
 30
0.0
  0
SPLINE
  5
103
330
41
100
AcDbEntity
  8
Calque 1
370
     0
100
AcDbSpline
210
0.0
220
0.0
230
1.0
 70
    11
 71
     3
 72
    17
 73
    13
 74
     0
 42
0.0000000001
 43
0.0000000001
 12
1.0
 22
0.0
 32
0.0
 13
1.0
 23
0.0
 33
0.0
 40
0.0
 40
0.0
 40
0.0
 40
0.0
 40
1.0
 40
1.0
 40
1.0
 40
2.0
 40
2.0
 40
2.0
 40
3.0
 40
3.0
 40
3.0
 40
4.0
 40
4.0
 40
4.0
 40
4.0
 10
859.9820466328778
 20
1035.050430378173
 30
0.0
 10
858.3260753605053
 20
1035.050430378173
 30
0.0
 10
856.9834355225163
 20
1036.392725706614
 30
0.0
 10
856.9834355225163
 20
1038.049041488535
 30
0.0
 10
856.9834355225163
 20
1039.70492663352
 30
0.0
 10
858.3260753605053
 20
1041.047652598896
 30
0.0
 10
859.9820466328778
 20
1041.047652598896
 30
0.0
 10
861.6379317778632
 20
1041.047652598896
 30
0.0
 10
862.9806577432392
 20
1039.70492663352
 30
0.0
 10
862.9806577432392
 20
1038.049041488535
 30
0.0
 10
862.9806577432392
 20
1036.392725706614
 30
0.0
 10
861.6379317778632
 20
1035.050430378173
 30
0.0
 10
859.9820466328778
 20
1035.050430378173
 30
0.0
  0
SPLINE
  5
104
330
41
100
AcDbEntity
  8
Calque 1
370
     0
100
AcDbSpline
210
0.0
220
0.0
230
1.0
 70
    11
 71
     3
 72
    17
 73
    13
 74
     0
 42
0.0000000001
 43
0.0000000001
 12
1.0
 22
0.0
 32
0.0
 13
1.0
 23
0.0
 33
0.0
 40
0.0
 40
0.0
 40
0.0
 40
0.0
 40
1.0
 40
1.0
 40
1.0
 40
2.0
 40
2.0
 40
2.0
 40
3.0
 40
3.0
 40
3.0
 40
4.0
 40
4.0
 40
4.0
 40
4.0
 10
859.9820466328778
 20
1205.089319224552
 30
0.0
 10
858.3260753605053
 20
1205.089319224552
 30
0.0
 10
856.9834355225163
 20
1206.431959062541
 30
0.0
 10
856.9834355225163
 20
1208.087930334914
 30
0.0
 10
856.9834355225163
 20
1209.743815479899
 30
0.0
 10
858.3260753605053
 20
1211.086541445275
 30
0.0
 10
859.9820466328778
 20
1211.086541445275
 30
0.0
 10
861.6379317778632
 20
1211.086541445275
 30
0.0
 10
862.9806577432392
 20
1209.743815479899
 30
0.0
 10
862.9806577432392
 20
1208.087930334914
 30
0.0
 10
862.9806577432392
 20
1206.431959062541
 30
0.0
 10
861.6379317778632
 20
1205.089319224552
 30
0.0
 10
859.9820466328778
 20
1205.089319224552
 30
0.0
  0
HATCH
  5
105
330
41
100
AcDbEntity
  8
Calque 1
 62
     7
420
 16777215
100
AcDbHatch
 10
0.0
 20
0.0
 30
0.0
210
0.0
220
0.0
230
1.0
  2
SOLID
 70
     1
 71
     0
 91
       86
 92
        1
 93
       20
 72
     1
 10
880.0000323320834
 20
1238.979584786826
 11
840.0501021934164
 21
1228.019874774375
 72
     1
 10
840.0501021934164
 20
1228.019874774375
 11
840.0501021934164
 21
1267.883763653298
 72
     1
 10
840.0501021934164
 20
1267.883763653298
 11
39.95010239344128
 21
1267.883763653298
 72
     1
 10
39.9501023934413
 20
1267.883763653298
 11
39.9501023934413
 21
1228.019874774375
 72
     1
 10
39.9501023934413
 20
1228.019874774375
 11
0.0001722547742631
 21
1238.625773480491
 72
     1
 10
0.0001722547742625
 20
1238.625773480491
 11
0.0001722547742625
 21
38.23797606465928
 72
     1
 10
0.0001722547742625
 20
38.23797606465926
 11
22.43540920120538
 21
2.21485188746712
 72
     1
 10
22.43540920120538
 20
2.214851887467121
 11
38.63106145952626
 21
-2.116580538750369
 72
     1
 10
38.63106145952626
 20
-2.116580538750369
 11
339.8112134295872
 21
-2.116580538750369
 72
     1
 10
339.8112134295872
 20
-2.116580538750369
 11
339.8112134295872
 21
57.50286389078921
 72
     1
 10
339.8112134295872
 20
57.50286389078921
 11
539.836213379581
 21
57.50286389078921
 72
     1
 10
539.836213379581
 20
57.50286389078921
 11
539.836213379581
 21
-2.11658053875037
 72
     1
 10
539.836213379581
 20
-2.116580538750369
 11
680.241768900035
 21
-2.116580538750369
 72
     1
 10
680.241768900035
 20
-2.116580538750369
 11
680.241768900035
 21
128.0584194287059
 72
     1
 10
680.241768900035
 20
128.0584194287059
 11
780.0778799861872
 21
128.0584194287059
 72
     1
 10
780.0778799861872
 20
128.0584194287059
 11
780.0778799861872
 21
-2.116580538750355
 72
     1
 10
780.0778799861872
 20
-2.116580538750369
 11
840.0501021934164
 21
-2.116580538750369
 72
     1
 10
840.0501021934164
 20
-2.116580538750369
 11
857.8435036104089
 21
2.662886555323862
 72
     1
 10
857.8435036104089
 20
2.662886555323862
 11
880.0000323320834
 21
38.23797606465926
 72
     1
 10
880.0000323320834
 20
38.23797606465926
 11
880.0000323320834
 21
1238.979584786826
 97
        0
 92
        1
 93
        4
 72
     1
 10
703.6884428172419
 20
947.130043301629
 11
717.9152230057426
 21
932.919455061909
 72
     1
 10
717.9152230057426
 20
932.919455061909
 11
712.1812060800928
 21
927.178720200063
 72
     1
 10
712.1812060800928
 20
927.178720200063
 11
697.9543828278986
 21
941.3893084397829
 72
     1
 10
697.9543828278986
 20
941.3893084397829
 11
703.6884428172419
 21
947.130043301629
 97
        0
 92
        1
 93
        4
 72
     1
 10
528.8521293165717
 20
1041.707991276031
 11
548.2993488212585
 21
1036.592024480435
 72
     1
 10
548.2993488212585
 20
1036.592024480435
 11
546.235219861271
 21
1028.745905640166
 72
     1
 10
546.235219861271
 20
1028.745905640166
 11
526.7876558470357
 21
1033.861872435762
 72
     1
 10
526.7876558470357
 20
1033.861872435762
 11
528.8521293165717
 21
1041.707991276031
 97
        0
 92
        1
 93
        4
 72
     1
 10
350.7882350468516
 20
1041.717551416003
 11
352.8611490003264
 21
1033.872810613928
 72
     1
 10
352.8611490003264
 20
1033.872810613928
 11
333.4199584127388
 21
1028.736000990646
 72
     1
 10
333.4199584127388
 20
1028.736000990646
 11
331.3470013955704
 21
1036.580397283173
 72
     1
 10
331.3470013955704
 20
1036.580397283173
 11
350.7882350468516
 21
1041.717551416003
 97
        0
 92
        1
 93
        4
 72
     1
 10
176.3001345723529
 20
947.1350386900826
 11
182.040869434199
 21
941.4009356370457
 72
     1
 10
182.040869434199
 20
941.4009356370457
 11
167.8302811944791
 21
927.1738109389966
 72
     1
 10
167.8302811944791
 20
927.1738109389966
 11
162.089546332633
 21
932.9081723741949
 72
     1
 10
162.089546332633
 20
932.9081723741949
 11
176.3001345723529
 21
947.1350386900826
 97
        0
 92
        1
 93
        4
 72
     1
 10
66.77955863130859
 20
579.6425261002066
 11
74.62042370096296
 21
581.7306415375101
 72
     1
 10
74.62042370096296
 20
581.7306415375101
 11
79.7949571198082
 21
562.2996139816039
 72
     1
 10
79.7949571198082
 20
562.2996139816039
 11
71.95443655970237
 21
560.211541607994
 72
     1
 10
71.95443655970237
 20
560.211541607994
 11
66.77955863130859
 21
579.6425261002066
 97
        0
 92
        1
 93
        4
 72
     1
 10
66.63951549983318
 20
758.1981646867525
 11
72.12944741035305
 21
777.5423758364304
 72
     1
 10
72.12944741035305
 20
777.5423758364304
 11
79.93534476083214
 21
775.3272655668019
 72
     1
 10
79.93534476083214
 20
775.3272655668019
 11
74.44506834076374
 21
755.9830544171241
 72
     1
 10
74.44506834076374
 20
755.9830544171241
 11
66.63951549983318
 21
758.1981646867525
 97
        0
 92
        1
 93
        4
 72
     1
 10
99.99045136389128
 20
1147.911069455861
 11
64.99698009985319
 21
1147.911069455861
 72
     1
 10
64.99698009985319
 20
1147.911069455861
 11
64.99698009985319
 21
1207.911541446069
 72
     1
 10
64.99698009985319
 20
1207.911541446069
 11
99.99045136389128
 21
1207.911541446069
 72
     1
 10
99.99045136389128
 20
1207.911541446069
 11
99.99045136389128
 21
1147.911069455861
 97
        0
 92
        1
 93
        4
 72
     1
 10
176.2531951463664
 20
389.873532346108
 11
162.1096570775281
 21
404.1669751322482
 72
     1
 10
162.1096570775281
 20
404.1669751322482
 11
167.8772206204656
 21
409.8742064405002
 72
     1
 10
167.8772206204656
 20
409.8742064405002
 11
182.0207586893038
 21
395.5807636543601
 72
     1
 10
182.0207586893038
 20
395.5807636543601
 11
176.2531951463664
 21
389.873532346108
 97
        0
 92
        1
 93
        4
 72
     1
 10
350.8126090974097
 20
295.276119582214
 11
331.3392499307286
 21
300.4104315112689
 72
     1
 10
331.3392499307286
 20
300.4104315112689
 11
333.3955843621806
 21
308.3268302994374
 72
     1
 10
333.3955843621806
 20
308.3268302994374
 11
352.8689435288618
 21
303.1924322429953
 72
     1
 10
352.8689435288618
 20
303.1924322429953
 11
350.8126090974097
 21
295.276119582214
 97
        0
 92
        1
 93
        4
 72
     1
 10
528.8535073547658
 20
295.318149747134
 11
526.7873113374873
 21
303.1646130969519
 72
     1
 10
526.7873113374873
 20
303.1646130969519
 11
546.2327652307379
 21
308.2848001345174
 72
     1
 10
546.2327652307379
 20
308.2848001345174
 11
548.29900431171
 21
300.4383367846995
 72
     1
 10
548.29900431171
 20
300.4383367846995
 11
528.8535073547658
 21
295.318149747134
 97
        0
 92
        1
 93
        4
 72
     1
 10
703.6728968238648
 20
389.9048827150238
 11
697.9476648917024
 21
395.6544886977444
 72
     1
 10
697.9476648917024
 20
395.6544886977444
 11
712.1967090097763
 21
409.8428560715844
 72
     1
 10
712.1967090097763
 20
409.8428560715844
 11
717.9219409419388
 21
404.0932500888638
 72
     1
 10
717.9219409419388
 20
404.0932500888638
 11
703.6728968238648
 21
389.9048827150238
 97
        0
 92
        1
 93
        4
 72
     1
 10
780.0778799861872
 20
1207.911541446069
 11
815.0769495303888
 21
1207.911541446069
 72
     1
 10
815.0769495303888
 20
1207.911541446069
 11
815.0769495303888
 21
1147.911069455861
 72
     1
 10
815.0769495303888
 20
1147.911069455861
 11
780.0778799861872
 21
1147.911069455861
 72
     1
 10
780.0778799861872
 20
1147.911069455861
 11
780.0778799861872
 21
1207.911541446069
 97
        0
 92
        1
 93
        4
 72
     1
 10
808.1021814657262
 20
560.2186040537388
 11
800.2507227274547
 21
562.2654214089129
 72
     1
 10
800.2507227274547
 20
562.2654214089129
 11
805.322936810388
 21
581.7235790917653
 72
     1
 10
805.322936810388
 20
581.7235790917653
 11
813.1743955486596
 21
579.6767617365913
 72
     1
 10
813.1743955486596
 20
579.6767617365913
 11
808.1021814657262
 21
560.2186040537388
 97
        0
 92
        1
 93
        4
 72
     1
 10
805.5254222975336
 20
755.9858966208994
 11
800.0881142205509
 21
775.3452661907123
 72
     1
 10
800.0881142205509
 20
775.3452661907123
 11
807.8996959785807
 21
777.5395336326551
 72
     1
 10
807.8996959785807
 20
777.5395336326551
 11
813.3370040555634
 21
758.1801640628421
 72
     1
 10
813.3370040555634
 20
758.1801640628421
 11
805.5254222975336
 21
755.9858966208994
 97
        0
 92
        1
 93
        2
 72
     4
 94
        3
 73
     0
 74
     0
 95
       17
 96
       13
 40
0.0
 40
0.0
 40
0.0
 40
0.0
 40
0.3527777776895833
 40
0.3527777776895833
 40
0.3527777776895833
 40
0.7055555553791667
 40
0.7055555553791667
 40
0.7055555553791667
 40
1.05833333306875
 40
1.05833333306875
 40
1.05833333306875
 40
1.411111110758333
 40
1.411111110758333
 40
1.411111110758333
 40
1.411111110758333
 10
20.01781344443131
 20
74.7889749975788
 10
18.36184217205885
 20
74.7889749975788
 10
17.01920233406985
 20
76.13127032601928
 10
17.01920233406985
 20
77.78758610794026
 10
17.01920233406985
 20
79.44390188986125
 10
18.36184217205885
 20
80.78619721830172
 10
20.01781344443131
 20
80.78619721830172
 10
21.6741292263523
 20
80.78619721830172
 10
23.01642455479277
 20
79.44390188986125
 10
23.01642455479277
 20
77.78758610794026
 10
23.01642455479277
 20
76.13127032601928
 10
21.6741292263523
 20
74.7889749975788
 10
20.01781344443131
 20
74.7889749975788
 97
        0
 72
     1
 10
20.01781344443131
 20
74.7889749975788
 11
20.01781344443131
 21
74.7889749975788
 97
        0
 92
        1
 93
        2
 72
     4
 94
        3
 73
     0
 74
     0
 95
       17
 96
       13
 40
0.0
 40
0.0
 40
0.0
 40
0.0
 40
0.3527777776895833
 40
0.3527777776895833
 40
0.3527777776895833
 40
0.7055555553791667
 40
0.7055555553791667
 40
0.7055555553791667
 40
1.05833333306875
 40
1.05833333306875
 40
1.05833333306875
 40
1.411111110758333
 40
1.411111110758333
 40
1.411111110758333
 40
1.411111110758333
 10
20.01781344443131
 20
394.7587638715794
 10
18.36184217205885
 20
394.7587638715794
 10
17.01920233406985
 20
396.1010592000199
 10
17.01920233406985
 20
397.7573749819409
 10
17.01920233406985
 20
399.4133462543134
 10
18.36184217205885
 20
400.7559860923024
 10
20.01781344443131
 20
400.7559860923024
 10
21.6741292263523
 20
400.7559860923024
 10
23.01642455479277
 20
399.4133462543134
 10
23.01642455479277
 20
397.7573749819409
 10
23.01642455479277
 20
396.1010592000199
 10
21.6741292263523
 20
394.7587638715794
 10
20.01781344443131
 20
394.7587638715794
 97
        0
 72
     1
 10
20.01781344443131
 20
394.7587638715794
 11
20.01781344443131
 21
394.7587638715794
 97
        0
 92
        1
 93
        2
 72
     4
 94
        3
 73
     0
 74
     0
 95
       17
 96
       13
 40
0.0
 40
0.0
 40
0.0
 40
0.0
 40
0.3527777776895833
 40
0.3527777776895833
 40
0.3527777776895833
 40
0.7055555553791667
 40
0.7055555553791667
 40
0.7055555553791667
 40
1.05833333306875
 40
1.05833333306875
 40
1.05833333306875
 40
1.411111110758333
 40
1.411111110758333
 40
1.411111110758333
 40
1.411111110758333
 10
20.01781344443131
 20
714.7282082360315
 10
18.36184217205885
 20
714.7282082360315
 10
17.01920233406985
 20
716.0705466281655
 10
17.01920233406985
 20
717.726819346393
 10
17.01920233406985
 20
719.3827475550719
 10
18.36184217205885
 20
720.7254304567545
 10
20.01781344443131
 20
720.7254304567545
 10
21.6741292263523
 20
720.7254304567545
 10
23.01642455479277
 20
719.3827475550719
 10
23.01642455479277
 20
717.726819346393
 10
23.01642455479277
 20
716.0705466281655
 10
21.6741292263523
 20
714.7282082360315
 10
20.01781344443131
 20
714.7282082360315
 97
        0
 72
     1
 10
20.01781344443131
 20
714.7282082360315
 11
20.01781344443131
 21
714.7282082360315
 97
        0
 92
        1
 93
        2
 72
     4
 94
        3
 73
     0
 74
     0
 95
       17
 96
       13
 40
0.0
 40
0.0
 40
0.0
 40
0.0
 40
0.3527777776895833
 40
0.3527777776895833
 40
0.3527777776895833
 40
0.7055555553791667
 40
0.7055555553791667
 40
0.7055555553791667
 40
1.05833333306875
 40
1.05833333306875
 40
1.05833333306875
 40
1.411111110758333
 40
1.411111110758333
 40
1.411111110758333
 40
1.411111110758333
 10
20.01781344443131
 20
1035.050430378173
 10
18.36184217205885
 20
1035.050430378173
 10
17.01920233406985
 20
1036.392725706614
 10
17.01920233406985
 20
1038.049041488535
 10
17.01920233406985
 20
1039.70492663352
 10
18.36184217205885
 20
1041.047652598896
 10
20.01781344443131
 20
1041.047652598896
 10
21.6741292263523
 20
1041.047652598896
 10
23.01642455479277
 20
1039.70492663352
 10
23.01642455479277
 20
1038.049041488535
 10
23.01642455479277
 20
1036.392725706614
 10
21.6741292263523
 20
1035.050430378173
 10
20.01781344443131
 20
1035.050430378173
 97
        0
 72
     1
 10
20.01781344443131
 20
1035.050430378173
 11
20.01781344443131
 21
1035.050430378173
 97
        0
 92
        1
 93
        2
 72
     4
 94
        3
 73
     0
 74
     0
 95
       17
 96
       13
 40
0.0
 40
0.0
 40
0.0
 40
0.0
 40
0.3527777776895833
 40
0.3527777776895833
 40
0.3527777776895833
 40
0.7055555553791667
 40
0.7055555553791667
 40
0.7055555553791667
 40
1.05833333306875
 40
1.05833333306875
 40
1.05833333306875
 40
1.411111110758333
 40
1.411111110758333
 40
1.411111110758333
 40
1.411111110758333
 10
20.01781344443131
 20
1205.089319224552
 10
18.36184217205885
 20
1205.089319224552
 10
17.01920233406985
 20
1206.431959062541
 10
17.01920233406985
 20
1208.087930334914
 10
17.01920233406985
 20
1209.743815479899
 10
18.36184217205885
 20
1211.086541445275
 10
20.01781344443131
 20
1211.086541445275
 10
21.6741292263523
 20
1211.086541445275
 10
23.01642455479277
 20
1209.743815479899
 10
23.01642455479277
 20
1208.087930334914
 10
23.01642455479277
 20
1206.431959062541
 10
21.6741292263523
 20
1205.089319224552
 10
20.01781344443131
 20
1205.089319224552
 97
        0
 72
     1
 10
20.01781344443131
 20
1205.089319224552
 11
20.01781344443131
 21
1205.089319224552
 97
        0
 92
        1
 93
        2
 72
     4
 94
        3
 73
     0
 74
     0
 95
       17
 96
       13
 40
0.0
 40
0.0
 40
0.0
 40
0.0
 40
0.3527777776895833
 40
0.3527777776895833
 40
0.3527777776895833
 40
0.7055555553791667
 40
0.7055555553791667
 40
0.7055555553791667
 40
1.05833333306875
 40
1.05833333306875
 40
1.05833333306875
 40
1.411111110758333
 40
1.411111110758333
 40
1.411111110758333
 40
1.411111110758333
 10
727.9104354734044
 20
828.3974112241073
 10
730.2860871926455
 20
829.7390175334507
 10
733.298478684948
 20
828.8987587445982
 10
734.6386208287101
 20
826.5202648215818
 10
735.9788490998595
 20
824.1418570259524
 10
735.1392793301042
 20
821.1259343107776
 10
732.763627610863
 20
819.7846725109827
 10
730.3877175094603
 20
818.4430662016392
 10
727.3753260171579
 20
819.2834111178788
 10
726.0354422555572
 20
821.6618189135082
 10
724.695300111795
 20
824.0402267091375
 10
725.5345253720018
 20
827.0558049147638
 10
727.9104354734044
 20
828.3974112241073
 97
        0
 72
     1
 10
727.9104354734044
 20
828.3974112241073
 11
727.9104354734044
 21
828.3974112241073
 97
        0
 92
        1
 93
        2
 72
     4
 94
        3
 73
     0
 74
     0
 95
       17
 96
       13
 40
0.0
 40
0.0
 40
0.0
 40
0.0
 40
0.3527777776895833
 40
0.3527777776895833
 40
0.3527777776895833
 40
0.7055555553791667
 40
0.7055555553791667
 40
0.7055555553791667
 40
1.05833333306875
 40
1.05833333306875
 40
1.05833333306875
 40
1.411111110758333
 40
1.411111110758333
 40
1.411111110758333
 40
1.411111110758333
 10
724.4063427279697
 20
844.1556224831886
 10
725.746570999119
 20
841.7772146875592
 10
724.9069151019764
 20
838.7612919723844
 10
722.5313495101224
 20
837.4196856630409
 10
720.1553963450262
 20
836.0780793536975
 10
717.1430048527238
 20
836.9187687794856
 10
715.8031641548166
 20
839.297176575115
 10
714.4629789473609
 20
841.6755843707443
 10
715.3025917808098
 20
844.6911625763706
 10
717.6781573726638
 20
846.0327688857141
 10
720.0537660282114
 20
847.3743751950575
 10
723.0661144568203
 20
846.5340302788179
 10
724.4063427279697
 20
844.1556224831886
 97
        0
 72
     1
 10
724.4063427279697
 20
844.1556224831886
 11
724.4063427279697
 21
844.1556224831886
 97
        0
 92
        1
 93
        2
 72
     4
 94
        3
 73
     0
 74
     0
 95
       17
 96
       13
 40
0.0
 40
0.0
 40
0.0
 40
0.0
 40
0.3527777776895833
 40
0.3527777776895833
 40
0.3527777776895833
 40
0.7055555553791667
 40
0.7055555553791667
 40
0.7055555553791667
 40
1.05833333306875
 40
1.05833333306875
 40
1.05833333306875
 40
1.411111110758333
 40
1.411111110758333
 40
1.411111110758333
 40
1.411111110758333
 10
714.990380002459
 20
1177.925430342455
 10
716.6463082111379
 20
1177.925430342455
 10
717.9889911128205
 20
1176.582704377078
 10
717.9889911128205
 20
1174.926819232093
 10
717.9889911128205
 20
1173.270503450172
 10
716.6463082111379
 20
1171.928208121732
 10
714.990380002459
 20
1171.928208121732
 10
713.3344087300866
 20
1171.928208121732
 10
711.9917688920975
 20
1173.270503450172
 10
711.9917688920975
 20
1174.926819232093
 10
711.9917688920975
 20
1176.582704377078
 10
713.3344087300866
 20
1177.925430342455
 10
714.990380002459
 20
1177.925430342455
 97
        0
 72
     1
 10
714.990380002459
 20
1177.925430342455
 11
714.990380002459
 21
1177.925430342455
 97
        0
 92
        1
 93
        2
 72
     4
 94
        3
 73
     0
 74
     0
 95
       17
 96
       13
 40
0.0
 40
0.0
 40
0.0
 40
0.0
 40
0.3527777776895833
 40
0.3527777776895833
 40
0.3527777776895833
 40
0.7055555553791667
 40
0.7055555553791667
 40
0.7055555553791667
 40
1.05833333306875
 40
1.05833333306875
 40
1.05833333306875
 40
1.411111110758333
 40
1.411111110758333
 40
1.411111110758333
 40
1.411111110758333
 10
672.8334355685538
 20
903.8170970776482
 10
674.1972627437771
 20
903.8170970776482
 10
675.3028800123809
 20
902.7114798090444
 10
675.3028800123809
 20
901.3476526338211
 10
675.3028800123809
 20
899.9837393312107
 10
674.1972627437771
 20
898.878208189994
 10
672.8334355685538
 20
898.878208189994
 10
671.469565329637
 20
898.878208189994
 10
670.3639911247268
 20
899.9837393312107
 10
670.3639911247268
 20
901.3476526338211
 10
670.3639911247268
 20
902.7114798090444
 10
671.469565329637
 20
903.8170970776482
 10
672.8334355685538
 20
903.8170970776482
 97
        0
 72
     1
 10
672.8334355685538
 20
903.8170970776482
 11
672.8334355685538
 21
903.8170970776482
 97
        0
 92
        1
 93
        2
 72
     4
 94
        3
 73
     0
 74
     0
 95
       17
 96
       13
 40
0.0
 40
0.0
 40
0.0
 40
0.0
 40
0.3527777776895833
 40
0.3527777776895833
 40
0.3527777776895833
 40
0.7055555553791667
 40
0.7055555553791667
 40
0.7055555553791667
 40
1.05833333306875
 40
1.05833333306875
 40
1.05833333306875
 40
1.411111110758333
 40
1.411111110758333
 40
1.411111110758333
 40
1.411111110758333
 10
658.4323335484996
 20
978.5089203825429
 10
659.257821490459
 20
979.9412188305356
 10
661.087339447901
 20
980.4319726824094
 10
662.5185613035544
 20
979.6054081481109
 10
663.9497831592079
 20
978.7791881233608
 10
664.4404939473882
 20
976.9482921277248
 10
663.6146184321866
 20
975.5159936797321
 10
662.7891304902272
 20
974.084039741288
 10
660.9596125327853
 20
973.5933720168014
 10
659.5283906771318
 20
974.4198504237128
 10
658.0972118851719
 20
975.2460704484629
 10
657.606458033298
 20
977.077052571486
 10
658.4323335484996
 20
978.5089203825429
 97
        0
 72
     1
 10
658.4323335484996
 20
978.5089203825429
 11
658.4323335484996
 21
978.5089203825429
 97
        0
 92
        1
 93
        2
 72
     4
 94
        3
 73
     0
 74
     0
 95
       17
 96
       13
 40
0.0
 40
0.0
 40
0.0
 40
0.0
 40
0.3527777776895833
 40
0.3527777776895833
 40
0.3527777776895833
 40
0.7055555553791667
 40
0.7055555553791667
 40
0.7055555553791667
 40
1.05833333306875
 40
1.05833333306875
 40
1.05833333306875
 40
1.411111110758333
 40
1.411111110758333
 40
1.411111110758333
 40
1.411111110758333
 10
609.2991999480441
 20
951.0148190981838
 10
610.7219382560652
 20
953.3428423723415
 10
613.7629240408952
 20
954.0738055069243
 10
616.0909042513592
 20
952.6478804855794
 10
618.4188844618233
 20
951.2219554642345
 10
619.1523022269394
 20
948.1789026221134
 10
617.7291763456763
 20
945.8505348384072
 10
616.3064380376552
 20
943.5229422011853
 10
613.2654953165187
 20
942.7916345570538
 10
610.9375151060547
 20
944.2175595783988
 10
608.6095348955907
 20
945.6438291092923
 10
607.8761171304745
 20
948.6868819514134
 10
609.2991999480441
 20
951.0148190981838
 97
        0
 72
     1
 10
609.2991999480441
 20
951.0148190981838
 11
609.2991999480441
 21
951.0148190981838
 97
        0
 92
        1
 93
        2
 72
     4
 94
        3
 73
     0
 74
     0
 95
       17
 96
       13
 40
0.0
 40
0.0
 40
0.0
 40
0.0
 40
0.3527777776895833
 40
0.3527777776895833
 40
0.3527777776895833
 40
0.7055555553791667
 40
0.7055555553791667
 40
0.7055555553791667
 40
1.05833333306875
 40
1.05833333306875
 40
1.05833333306875
 40
1.411111110758333
 40
1.411111110758333
 40
1.411111110758333
 40
1.411111110758333
 10
595.3987133656902
 20
1250.950430324198
 10
597.0546415743692
 20
1250.950430324198
 10
598.3973244760517
 20
1249.607704358822
 10
598.3973244760517
 20
1247.951819213837
 10
598.3973244760517
 20
1246.295847941464
 10
597.0546415743692
 20
1244.953208103475
 10
595.3987133656902
 20
1244.953208103475
 10
593.7423975837693
 20
1244.953208103475
 10
592.4001022553289
 20
1246.295847941464
 10
592.4001022553289
 20
1247.951819213837
 10
592.4001022553289
 20
1249.607704358822
 10
593.7423975837693
 20
1250.950430324198
 10
595.3987133656902
 20
1250.950430324198
 97
        0
 72
     1
 10
595.3987133656902
 20
1250.950430324198
 11
595.3987133656902
 21
1250.950430324198
 97
        0
 92
        1
 93
        2
 72
     4
 94
        3
 73
     0
 74
     0
 95
       17
 96
       13
 40
0.0
 40
0.0
 40
0.0
 40
0.0
 40
0.3527777776895833
 40
0.3527777776895833
 40
0.3527777776895833
 40
0.7055555553791667
 40
0.7055555553791667
 40
0.7055555553791667
 40
1.05833333306875
 40
1.05833333306875
 40
1.05833333306875
 40
1.411111110758333
 40
1.411111110758333
 40
1.411111110758333
 40
1.411111110758333
 10
598.3475859099834
 20
1012.907940420601
 10
597.5202892928943
 20
1011.473230405769
 10
595.687627685822
 20
1010.98144302525
 10
594.2539511996354
 20
1011.809385597742
 10
592.8198871402066
 20
1012.637328170235
 10
592.3284873329292
 20
1014.47184151613
 10
593.1557408863248
 20
1015.906207021414
 10
593.9826499301719
 20
1017.340917036246
 10
595.8156991104862
 20
1017.832704416766
 10
597.249375596673
 20
1017.004761844273
 10
598.6830520828596
 20
1016.17681927178
 10
599.174839463379
 20
1014.342305925885
 10
598.3475859099834
 20
1012.907940420601
 97
        0
 72
     1
 10
598.3475859099834
 20
1012.907940420601
 11
598.3475859099834
 21
1012.907940420601
 97
        0
 92
        1
 93
        2
 72
     4
 94
        3
 73
     0
 74
     0
 95
       17
 96
       13
 40
0.0
 40
0.0
 40
0.0
 40
0.0
 40
0.3527777776895833
 40
0.3527777776895833
 40
0.3527777776895833
 40
0.7055555553791667
 40
0.7055555553791667
 40
0.7055555553791667
 40
1.05833333306875
 40
1.05833333306875
 40
1.05833333306875
 40
1.411111110758333
 40
1.411111110758333
 40
1.411111110758333
 40
1.411111110758333
 10
591.7798989405967
 20
961.091981774701
 10
593.2030248218599
 20
963.4199189214714
 10
596.2436230334478
 20
964.1512265656029
 10
598.5716032439118
 20
962.7249570347094
 10
600.8995834543758
 20
961.2990320133645
 10
601.6330012194919
 20
958.2556346616948
 10
600.2102198477774
 20
955.9279558970858
 10
598.7871370302078
 20
953.6000187503154
 10
595.7465388186198
 20
952.8687111061839
 10
593.4185586081558
 20
954.2946361275289
 10
591.0905783976918
 20
955.7209056584222
 10
590.3568161230271
 20
958.7639585005435
 10
591.7798989405967
 20
961.091981774701
 97
        0
 72
     1
 10
591.7798989405967
 20
961.091981774701
 11
591.7798989405967
 21
961.091981774701
 97
        0
 92
        1
 93
        2
 72
     4
 94
        3
 73
     0
 74
     0
 95
       17
 96
       13
 40
0.0
 40
0.0
 40
0.0
 40
0.0
 40
0.3527777776895833
 40
0.3527777776895833
 40
0.3527777776895833
 40
0.7055555553791667
 40
0.7055555553791667
 40
0.7055555553791667
 40
1.05833333306875
 40
1.05833333306875
 40
1.05833333306875
 40
1.411111110758333
 40
1.411111110758333
 40
1.411111110758333
 40
1.411111110758333
 10
477.5709356173695
 20
1049.161541485757
 10
479.2268638260483
 20
1049.161541485757
 10
480.5695467277309
 20
1047.81881552038
 10
480.5695467277309
 20
1046.162930375395
 10
480.5695467277309
 20
1044.506614593474
 10
479.2268638260483
 20
1043.164319265034
 10
477.5709356173695
 20
1043.164319265034
 10
475.914662899142
 20
1043.164319265034
 10
474.572324507008
 20
1044.506614593474
 10
474.572324507008
 20
1046.162930375395
 10
474.572324507008
 20
1047.81881552038
 10
475.914662899142
 20
1049.161541485757
 10
477.5709356173695
 20
1049.161541485757
 97
        0
 72
     1
 10
477.5709356173695
 20
1049.161541485757
 11
477.5709356173695
 21
1049.161541485757
 97
        0
 92
        1
 93
        2
 72
     4
 94
        3
 73
     0
 74
     0
 95
       17
 96
       13
 40
0.0
 40
0.0
 40
0.0
 40
0.0
 40
0.3527777776895833
 40
0.3527777776895833
 40
0.3527777776895833
 40
0.7055555553791667
 40
0.7055555553791667
 40
0.7055555553791667
 40
1.05833333306875
 40
1.05833333306875
 40
1.05833333306875
 40
1.411111110758333
 40
1.411111110758333
 40
1.411111110758333
 40
1.411111110758333
 10
449.8778800687372
 20
1002.594874830732
 10
452.6055774828773
 20
1002.594874830732
 10
454.8167689563913
 20
1000.383640293524
 10
454.8167689563913
 20
997.6559859430773
 10
454.8167689563913
 20
994.9282454652437
 10
452.6055774828773
 20
992.7170970554232
 10
449.8778800687372
 20
992.7170970554232
 10
447.1498381450485
 20
992.7170970554232
 10
444.938991181083
 20
994.9282454652437
 10
444.938991181083
 20
997.6559859430773
 10
444.938991181083
 20
1000.383640293524
 10
447.1498381450485
 20
1002.594874830732
 10
449.8778800687372
 20
1002.594874830732
 97
        0
 72
     1
 10
449.8778800687372
 20
1002.594874830732
 11
449.8778800687372
 21
1002.594874830732
 97
        0
 92
        1
 93
        2
 72
     4
 94
        3
 73
     0
 74
     0
 95
       17
 96
       13
 40
0.0
 40
0.0
 40
0.0
 40
0.0
 40
0.3527777776895833
 40
0.3527777776895833
 40
0.3527777776895833
 40
0.7055555553791667
 40
0.7055555553791667
 40
0.7055555553791667
 40
1.05833333306875
 40
1.05833333306875
 40
1.05833333306875
 40
1.411111110758333
 40
1.411111110758333
 40
1.411111110758333
 40
1.411111110758333
 10
430.1223245181205
 20
1002.594874830732
 10
432.8500219322606
 20
1002.594874830732
 10
435.0612134057747
 20
1000.383640293524
 10
435.0612134057747
 20
997.6559859430773
 10
435.0612134057747
 20
994.9282454652437
 10
432.8500219322606
 20
992.7170970554232
 10
430.1223245181205
 20
992.7170970554232
 10
427.3946271039804
 20
992.7170970554232
 10
425.1830911209178
 20
994.9282454652437
 10
425.1830911209178
 20
997.6559859430773
 10
425.1830911209178
 20
1000.383640293524
 10
427.3946271039804
 20
1002.594874830732
 10
430.1223245181205
 20
1002.594874830732
 97
        0
 72
     1
 10
430.1223245181205
 20
1002.594874830732
 11
430.1223245181205
 21
1002.594874830732
 97
        0
 92
        1
 93
        2
 72
     4
 94
        3
 73
     0
 74
     0
 95
       17
 96
       13
 40
0.0
 40
0.0
 40
0.0
 40
0.0
 40
0.3527777776895833
 40
0.3527777776895833
 40
0.3527777776895833
 40
0.7055555553791667
 40
0.7055555553791667
 40
0.7055555553791667
 40
1.05833333306875
 40
1.05833333306875
 40
1.05833333306875
 40
1.411111110758333
 40
1.411111110758333
 40
1.411111110758333
 40
1.411111110758333
 10
402.4292689694882
 20
1049.161541485757
 10
404.0851971781671
 20
1049.161541485757
 10
405.4278800798497
 20
1047.81881552038
 10
405.4278800798497
 20
1046.162930375395
 10
405.4278800798497
 20
1044.506614593474
 10
404.0851971781671
 20
1043.164319265034
 10
402.4292689694882
 20
1043.164319265034
 10
400.7729962512607
 20
1043.164319265034
 10
399.4306578591267
 20
1044.506614593474
 10
399.4306578591267
 20
1046.162930375395
 10
399.4306578591267
 20
1047.81881552038
 10
400.7729962512607
 20
1049.161541485757
 10
402.4292689694882
 20
1049.161541485757
 97
        0
 72
     1
 10
402.4292689694882
 20
1049.161541485757
 11
402.4292689694882
 21
1049.161541485757
 97
        0
 92
        1
 93
        2
 72
     4
 94
        3
 73
     0
 74
     0
 95
       17
 96
       13
 40
0.0
 40
0.0
 40
0.0
 40
0.0
 40
0.3527777776895833
 40
0.3527777776895833
 40
0.3527777776895833
 40
0.7055555553791667
 40
0.7055555553791667
 40
0.7055555553791667
 40
1.05833333306875
 40
1.05833333306875
 40
1.05833333306875
 40
1.411111110758333
 40
1.411111110758333
 40
1.411111110758333
 40
1.411111110758333
 10
283.5431578880986
 20
1250.950430324198
 10
285.1990860967775
 20
1250.950430324198
 10
286.54176899846
 20
1249.607704358822
 10
286.54176899846
 20
1247.951819213837
 10
286.54176899846
 20
1246.295847941464
 10
285.1990860967775
 20
1244.953208103475
 10
283.5431578880986
 20
1244.953208103475
 10
281.8868851698712
 20
1244.953208103475
 10
280.5445467777371
 20
1246.295847941464
 10
280.5445467777371
 20
1247.951819213837
 10
280.5445467777371
 20
1249.607704358822
 10
281.8868851698712
 20
1250.950430324198
 10
283.5431578880986
 20
1250.950430324198
 97
        0
 72
     1
 10
283.5431578880986
 20
1250.950430324198
 11
283.5431578880986
 21
1250.950430324198
 97
        0
 92
        1
 93
        2
 72
     4
 94
        3
 73
     0
 74
     0
 95
       17
 96
       13
 40
0.0
 40
0.0
 40
0.0
 40
0.0
 40
0.3527777776895833
 40
0.3527777776895833
 40
0.3527777776895833
 40
0.7055555553791667
 40
0.7055555553791667
 40
0.7055555553791667
 40
1.05833333306875
 40
1.05833333306875
 40
1.05833333306875
 40
1.411111110758333
 40
1.411111110758333
 40
1.411111110758333
 40
1.411111110758333
 10
285.3934756095327
 20
1011.809385597742
 10
283.959799123346
 20
1010.98144302525
 10
282.1267499430317
 20
1011.473230405769
 10
281.2994963896361
 20
1012.907940420601
 10
280.4722428362405
 20
1014.342305925885
 10
280.9639871530663
 20
1016.17681927178
 10
282.3977067029466
 20
1017.004761844273
 10
283.8313831891333
 20
1017.832704416766
 10
285.6643893057541
 20
1017.340917036246
 10
286.4916859228433
 20
1015.906207021414
 10
287.3189394762389
 20
1014.47184151613
 10
286.8271520957194
 20
1012.637328170235
 10
285.3934756095327
 20
1011.809385597742
 97
        0
 72
     1
 10
285.3934756095327
 20
1011.809385597742
 11
285.3934756095327
 21
1011.809385597742
 97
        0
 92
        1
 93
        2
 72
     4
 94
        3
 73
     0
 74
     0
 95
       17
 96
       13
 40
0.0
 40
0.0
 40
0.0
 40
0.0
 40
0.3527777776895833
 40
0.3527777776895833
 40
0.3527777776895833
 40
0.7055555553791667
 40
0.7055555553791667
 40
0.7055555553791667
 40
1.05833333306875
 40
1.05833333306875
 40
1.05833333306875
 40
1.411111110758333
 40
1.411111110758333
 40
1.411111110758333
 40
1.411111110758333
 10
281.1417971437988
 20
962.7140188565438
 10
283.4697773542628
 20
964.1399438778886
 10
286.5103755658507
 20
963.4089807433057
 10
287.9334583834203
 20
961.0810435965353
 10
289.3562397551349
 20
958.7533648319263
 10
288.6228219900188
 20
955.7103119898051
 10
286.2948417795548
 20
954.2843869684602
 10
283.9672060786393
 20
952.8584619471153
 10
280.9266078670514
 20
953.5897695912467
 10
279.5034819857882
 20
955.9173622284686
 10
278.0803991682186
 20
958.2450409930776
 10
278.8141614428833
 20
961.2880938351989
 10
281.1417971437988
 20
962.7140188565438
 97
        0
 72
     1
 10
281.1417971437988
 20
962.7140188565438
 11
281.1417971437988
 21
962.7140188565438
 97
        0
 92
        1
 93
        2
 72
     4
 94
        3
 73
     0
 74
     0
 95
       17
 96
       13
 40
0.0
 40
0.0
 40
0.0
 40
0.0
 40
0.3527777776895833
 40
0.3527777776895833
 40
0.3527777776895833
 40
0.7055555553791667
 40
0.7055555553791667
 40
0.7055555553791667
 40
1.05833333306875
 40
1.05833333306875
 40
1.05833333306875
 40
1.411111110758333
 40
1.411111110758333
 40
1.411111110758333
 40
1.411111110758333
 10
263.5039848516587
 20
952.4817407558032
 10
265.834419692656
 20
953.9076657771482
 10
268.8782046175678
 20
953.1767026425653
 10
270.302708537025
 20
950.8486793684077
 10
271.7272124564823
 20
948.5210867311857
 10
270.9931056722691
 20
945.4783783986131
 10
268.6626277675783
 20
944.0521088677197
 10
266.332192926581
 20
942.6265283559233
 10
263.2880634921207
 20
943.3574914905062
 10
261.8635595726635
 20
945.685084127728
 10
260.4390556532062
 20
948.0131074018857
 10
261.1735069469679
 20
951.0561602440068
 10
263.5039848516587
 20
952.4817407558032
 97
        0
 72
     1
 10
263.5039848516587
 20
952.4817407558032
 11
263.5039848516587
 21
952.4817407558032
 97
        0
 92
        1
 93
        2
 72
     4
 94
        3
 73
     0
 74
     0
 95
       17
 96
       13
 40
0.0
 40
0.0
 40
0.0
 40
0.0
 40
0.3527777776895833
 40
0.3527777776895833
 40
0.3527777776895833
 40
0.7055555553791667
 40
0.7055555553791667
 40
0.7055555553791667
 40
1.05833333306875
 40
1.05833333306875
 40
1.05833333306875
 40
1.411111110758333
 40
1.411111110758333
 40
1.411111110758333
 40
1.411111110758333
 10
217.1288655056136
 20
979.6054081481109
 10
218.5597428517186
 20
980.4319726824094
 10
220.3892177454669
 20
979.9412188305356
 10
221.2150932606685
 20
978.5089203825429
 10
222.0405812026279
 20
977.077052571486
 10
221.5498704144476
 20
975.2460704484629
 10
220.1186485587941
 20
974.4198504237128
 10
218.6877712126892
 20
973.5933720168014
 10
216.8582963189408
 20
974.084039741288
 10
216.0324208037393
 20
975.5159936797321
 10
215.2069328617799
 20
976.9482921277248
 10
215.6976436499602
 20
978.7791881233608
 10
217.1288655056136
 20
979.6054081481109
 97
        0
 72
     1
 10
217.1288655056136
 20
979.6054081481109
 11
217.1288655056136
 21
979.6054081481109
 97
        0
 92
        1
 93
        2
 72
     4
 94
        3
 73
     0
 74
     0
 95
       17
 96
       13
 40
0.0
 40
0.0
 40
0.0
 40
0.0
 40
0.3527777776895833
 40
0.3527777776895833
 40
0.3527777776895833
 40
0.7055555553791667
 40
0.7055555553791667
 40
0.7055555553791667
 40
1.05833333306875
 40
1.05833333306875
 40
1.05833333306875
 40
1.411111110758333
 40
1.411111110758333
 40
1.411111110758333
 40
1.411111110758333
 10
206.8139912406142
 20
903.8170970776482
 10
208.177473906289
 20
903.8170970776482
 10
209.2834356844413
 20
902.7114798090444
 10
209.2834356844413
 20
901.3476526338211
 10
209.2834356844413
 20
899.9837393312107
 10
208.177473906289
 20
898.878208189994
 10
206.8139912406142
 20
898.878208189994
 10
205.4501640653909
 20
898.878208189994
 10
204.3445467967871
 20
899.9837393312107
 10
204.3445467967871
 20
901.3476526338211
 10
204.3445467967871
 20
902.7114798090444
 10
205.4501640653909
 20
903.8170970776482
 10
206.8139912406142
 20
903.8170970776482
 97
        0
 72
     1
 10
206.8139912406142
 20
903.8170970776482
 11
206.8139912406142
 21
903.8170970776482
 97
        0
 92
        1
 93
        2
 72
     4
 94
        3
 73
     0
 74
     0
 95
       17
 96
       13
 40
0.0
 40
0.0
 40
0.0
 40
0.0
 40
0.3527777776895833
 40
0.3527777776895833
 40
0.3527777776895833
 40
0.7055555553791667
 40
0.7055555553791667
 40
0.7055555553791667
 40
1.05833333306875
 40
1.05833333306875
 40
1.05833333306875
 40
1.411111110758333
 40
1.411111110758333
 40
1.411111110758333
 40
1.411111110758333
 10
172.0650356286417
 20
1190.62543033928
 10
173.7213083468692
 20
1190.62543033928
 10
175.0636467390032
 20
1189.282704373903
 10
175.0636467390032
 20
1187.626819228918
 10
175.0636467390032
 20
1185.970503446997
 10
173.7213083468692
 20
1184.628208118557
 10
172.0650356286417
 20
1184.628208118557
 10
170.4091074199628
 20
1184.628208118557
 10
169.0664245182803
 20
1185.970503446997
 10
169.0664245182803
 20
1187.626819228918
 10
169.0664245182803
 20
1189.282704373903
 10
170.4091074199628
 20
1190.62543033928
 10
172.0650356286417
 20
1190.62543033928
 97
        0
 72
     1
 10
172.0650356286417
 20
1190.62543033928
 11
172.0650356286417
 21
1190.62543033928
 97
        0
 92
        1
 93
        2
 72
     4
 94
        3
 73
     0
 74
     0
 95
       17
 96
       13
 40
0.0
 40
0.0
 40
0.0
 40
0.0
 40
0.3527777776895833
 40
0.3527777776895833
 40
0.3527777776895833
 40
0.7055555553791667
 40
0.7055555553791667
 40
0.7055555553791667
 40
1.05833333306875
 40
1.05833333306875
 40
1.05833333306875
 40
1.411111110758333
 40
1.411111110758333
 40
1.411111110758333
 40
1.411111110758333
 10
155.2406965079563
 20
844.1556224831886
 10
156.5809247791057
 20
846.5340302788179
 10
159.5932732077145
 20
847.3743751950575
 10
161.9688818632621
 20
846.0327688857141
 10
164.3448350283582
 20
844.6911625763706
 10
165.1841033522587
 20
841.6755843707443
 10
163.8442626543514
 20
839.297176575115
 10
162.5040343832021
 20
836.9187687794856
 10
159.4916859545932
 20
836.0780793536975
 10
157.1157327894971
 20
837.4196856630409
 10
154.7401241339495
 20
838.7612919723844
 10
153.9005113005006
 20
841.7772146875592
 10
155.2406965079563
 20
844.1556224831886
 97
        0
 72
     1
 10
155.2406965079563
 20
844.1556224831886
 11
155.2406965079563
 21
844.1556224831886
 97
        0
 92
        1
 93
        2
 72
     4
 94
        3
 73
     0
 74
     0
 95
       17
 96
       13
 40
0.0
 40
0.0
 40
0.0
 40
0.0
 40
0.3527777776895833
 40
0.3527777776895833
 40
0.3527777776895833
 40
0.7055555553791667
 40
0.7055555553791667
 40
0.7055555553791667
 40
1.05833333306875
 40
1.05833333306875
 40
1.05833333306875
 40
1.411111110758333
 40
1.411111110758333
 40
1.411111110758333
 40
1.411111110758333
 10
145.0083753435222
 20
826.5202648215818
 10
146.3486036146715
 20
828.8987587445982
 10
149.3609520432804
 20
829.7390175334507
 10
151.736560698828
 20
828.3974112241073
 10
154.1125138639241
 20
827.0558049147638
 10
154.9521266973731
 20
824.0402267091375
 10
153.6119414899173
 20
821.6618189135082
 10
152.271713218768
 20
819.2834111178788
 10
149.2593647901591
 20
818.4430662016392
 10
146.8837561346115
 20
819.7846725109827
 10
144.5078029695154
 20
821.1259343107776
 10
143.6681901360665
 20
824.1418570259524
 10
145.0083753435222
 20
826.5202648215818
 97
        0
 72
     1
 10
145.0083753435222
 20
826.5202648215818
 11
145.0083753435222
 21
826.5202648215818
 97
        0
 92
        1
 93
        2
 72
     4
 94
        3
 73
     0
 74
     0
 95
       17
 96
       13
 40
0.0
 40
0.0
 40
0.0
 40
0.0
 40
0.3527777776895833
 40
0.3527777776895833
 40
0.3527777776895833
 40
0.7055555553791667
 40
0.7055555553791667
 40
0.7055555553791667
 40
1.05833333306875
 40
1.05833333306875
 40
1.05833333306875
 40
1.411111110758333
 40
1.411111110758333
 40
1.411111110758333
 40
1.411111110758333
 10
62.70426905441942
 20
627.2393193690149
 10
61.04795327249843
 20
627.2393193690149
 10
59.70565794405796
 20
628.5816577611489
 10
59.70565794405796
 20
630.2379304793764
 10
59.70565794405796
 20
631.8938586880552
 10
61.04795327249843
 20
633.2365415897377
 10
62.70426905441942
 20
633.2365415897377
 10
64.36024032679188
 20
633.2365415897377
 10
65.70288016478088
 20
631.8938586880552
 10
65.70288016478088
 20
630.2379304793764
 10
65.70288016478088
 20
628.5816577611489
 10
64.36024032679188
 20
627.2393193690149
 10
62.70426905441942
 20
627.2393193690149
 97
        0
 72
     1
 10
62.70426905441942
 20
627.2393193690149
 11
62.70426905441942
 21
627.2393193690149
 97
        0
 92
        1
 93
        2
 72
     4
 94
        3
 73
     0
 74
     0
 95
       17
 96
       13
 40
0.0
 40
0.0
 40
0.0
 40
0.0
 40
0.3527777776895833
 40
0.3527777776895833
 40
0.3527777776895833
 40
0.7055555553791667
 40
0.7055555553791667
 40
0.7055555553791667
 40
1.05833333306875
 40
1.05833333306875
 40
1.05833333306875
 40
1.411111110758333
 40
1.411111110758333
 40
1.411111110758333
 40
1.411111110758333
 10
62.70426905441942
 20
702.7337637945857
 10
61.04795327249843
 20
702.7337637945857
 10
59.70565794405796
 20
704.0761021867197
 10
59.70565794405796
 20
705.7323749049472
 10
59.70565794405796
 20
707.3883031136261
 10
61.04795327249843
 20
708.7309860153086
 10
62.70426905441942
 20
708.7309860153086
 10
64.36024032679188
 20
708.7309860153086
 10
65.70288016478088
 20
707.3883031136261
 10
65.70288016478088
 20
705.7323749049472
 10
65.70288016478088
 20
704.0761021867197
 10
64.36024032679188
 20
702.7337637945857
 10
62.70426905441942
 20
702.7337637945857
 97
        0
 72
     1
 10
62.70426905441942
 20
702.7337637945857
 11
62.70426905441942
 21
702.7337637945857
 97
        0
 92
        1
 93
        2
 72
     4
 94
        3
 73
     0
 74
     0
 95
       29
 96
       25
 40
0.0
 40
0.0
 40
0.0
 40
0.0
 40
0.3527777776895833
 40
0.3527777776895833
 40
0.3527777776895833
 40
0.7055555553791667
 40
0.7055555553791667
 40
0.7055555553791667
 40
1.05833333306875
 40
1.05833333306875
 40
1.05833333306875
 40
1.411111110758333
 40
1.411111110758333
 40
1.411111110758333
 40
1.763888888447917
 40
1.763888888447917
 40
1.763888888447917
 40
2.1166666661375
 40
2.1166666661375
 40
2.1166666661375
 40
2.469444443827083
 40
2.469444443827083
 40
2.469444443827083
 40
2.822222221516667
 40
2.822222221516667
 40
2.822222221516667
 40
2.822222221516667
 10
91.98482460265484
 20
276.1163932957713
 10
92.09877113582948
 20
275.7004841433145
 10
92.1644002048235
 20
275.264421182269
 10
92.1644002048235
 20
274.8121662724428
 10
92.1644002048235
 20
272.0834783933507
 10
89.95247664851883
 20
269.871554837046
 10
87.22370264203957
 20
269.871554837046
 10
84.49535927249596
 20
269.871554837046
 10
82.28343571619129
 20
272.0834783933507
 10
82.28343571619129
 20
274.8121662724428
 10
82.28343571619129
 20
275.202753973083
 10
82.33321734595316
 20
275.5809393299763
 10
82.41891409614875
 20
275.9453443049286
 10
79.19525212321334
 20
277.6195745833729
 10
76.99176905084755
 20
280.9865525284947
 10
76.99176905084755
 20
284.8698641594683
 10
76.99176905084755
 20
290.4218939161098
 10
81.49218341061655
 20
294.9223082758788
 10
87.04378253032239
 20
294.9223082758788
 10
92.59581228696389
 20
294.9223082758788
 10
97.09622664673289
 20
290.4218939161098
 10
97.09622664673289
 20
284.8698641594683
 10
97.09622664673289
 20
281.1145378257717
 10
95.03562890961783
 20
277.8425583886557
 10
91.98482460265484
 20
276.1163932957713
 97
        0
 72
     1
 10
91.98482460265484
 20
276.1163932957713
 11
91.98482460265484
 21
276.1163932957713
 97
        0
 92
        1
 93
        2
 72
     4
 94
        3
 73
     0
 74
     0
 95
       17
 96
       13
 40
0.0
 40
0.0
 40
0.0
 40
0.0
 40
0.3527777776895833
 40
0.3527777776895833
 40
0.3527777776895833
 40
0.7055555553791667
 40
0.7055555553791667
 40
0.7055555553791667
 40
1.05833333306875
 40
1.05833333306875
 40
1.05833333306875
 40
1.411111110758333
 40
1.411111110758333
 40
1.411111110758333
 40
1.411111110758333
 10
92.60890364980784
 20
515.001295172899
 10
94.03973793221924
 20
515.8278597071976
 10
95.86925588966116
 20
515.3371489190173
 10
96.6954759144112
 20
513.9062715729124
 10
97.52169593916125
 20
512.4757818000495
 10
97.03128659683593
 20
510.6459193330591
 10
95.60045231442454
 20
509.819699308309
 10
94.16961803201316
 20
508.9934792835589
 10
92.34010007457123
 20
509.4838455621907
 10
91.51388004982118
 20
510.9147229082956
 10
90.68766002507114
 20
512.3456002544006
 10
91.17798324000933
 20
514.175462721391
 10
92.60890364980784
 20
515.001295172899
 97
        0
 72
     1
 10
92.60890364980784
 20
515.001295172899
 11
92.60890364980784
 21
515.001295172899
 97
        0
 92
        1
 93
        2
 72
     4
 94
        3
 73
     0
 74
     0
 95
       17
 96
       13
 40
0.0
 40
0.0
 40
0.0
 40
0.0
 40
0.3527777776895833
 40
0.3527777776895833
 40
0.3527777776895833
 40
0.7055555553791667
 40
0.7055555553791667
 40
0.7055555553791667
 40
1.05833333306875
 40
1.05833333306875
 40
1.05833333306875
 40
1.411111110758333
 40
1.411111110758333
 40
1.411111110758333
 40
1.411111110758333
 10
91.51388004982118
 20
826.1135712995481
 10
92.34010007457123
 20
827.5444055819594
 10
94.16961803201316
 20
828.0347287968976
 10
95.60045231442454
 20
827.2085948995347
 10
97.03128659683593
 20
826.3823748747847
 10
97.52169593916125
 20
824.5525124077942
 10
96.6954759144112
 20
823.1220226349313
 10
95.86925588966116
 20
821.6907577155843
 10
94.03973793221924
 20
821.2007790101947
 10
92.60890364980784
 20
822.026568398009
 10
91.17798324000933
 20
822.8527884227591
 10
90.68766002507114
 20
824.6826508897495
 10
91.51388004982118
 20
826.1135712995481
 97
        0
 72
     1
 10
91.51388004982118
 20
826.1135712995481
 11
91.51388004982118
 21
826.1135712995481
 97
        0
 92
        1
 93
        2
 72
     4
 94
        3
 73
     0
 74
     0
 95
       17
 96
       13
 40
0.0
 40
0.0
 40
0.0
 40
0.0
 40
0.3527777776895833
 40
0.3527777776895833
 40
0.3527777776895833
 40
0.7055555553791667
 40
0.7055555553791667
 40
0.7055555553791667
 40
1.05833333306875
 40
1.05833333306875
 40
1.05833333306875
 40
1.411111110758333
 40
1.411111110758333
 40
1.411111110758333
 40
1.411111110758333
 10
110.505657931358
 20
652.9920971403544
 10
107.7776590713629
 20
652.9920971403544
 10
105.5667690437038
 20
655.2032886138685
 10
105.5667690437038
 20
657.9309860280086
 10
105.5667690437038
 20
660.6582958689066
 10
107.7776590713629
 20
662.8698749156628
 10
110.505657931358
 20
662.8698749156628
 10
113.232967772256
 20
662.8698749156628
 10
115.4442023094636
 20
660.6582958689066
 10
115.4442023094636
 20
657.9309860280086
 10
115.4442023094636
 20
655.2032886138685
 10
113.232967772256
 20
652.9920971403544
 10
110.505657931358
 20
652.9920971403544
 97
        0
 72
     1
 10
110.505657931358
 20
652.9920971403544
 11
110.505657931358
 21
652.9920971403544
 97
        0
 92
        1
 93
        2
 72
     4
 94
        3
 73
     0
 74
     0
 95
       17
 96
       13
 40
0.0
 40
0.0
 40
0.0
 40
0.0
 40
0.3527777776895833
 40
0.3527777776895833
 40
0.3527777776895833
 40
0.7055555553791667
 40
0.7055555553791667
 40
0.7055555553791667
 40
1.05833333306875
 40
1.05833333306875
 40
1.05833333306875
 40
1.411111110758333
 40
1.411111110758333
 40
1.411111110758333
 40
1.411111110758333
 10
110.505657931358
 20
673.1004304686606
 10
107.7776590713629
 20
673.1004304686606
 10
105.5667690437038
 20
675.3116219421747
 10
105.5667690437038
 20
678.0393193563149
 10
105.5667690437038
 20
680.767016770455
 10
107.7776590713629
 20
682.978208243969
 10
110.505657931358
 20
682.978208243969
 10
113.232967772256
 20
682.978208243969
 10
115.4442023094636
 20
680.767016770455
 10
115.4442023094636
 20
678.0393193563149
 10
115.4442023094636
 20
675.3116219421747
 10
113.232967772256
 20
673.1004304686606
 10
110.505657931358
 20
673.1004304686606
 97
        0
 72
     1
 10
110.505657931358
 20
673.1004304686606
 11
110.505657931358
 21
673.1004304686606
 97
        0
 92
        1
 93
        2
 72
     4
 94
        3
 73
     0
 74
     0
 95
       17
 96
       13
 40
0.0
 40
0.0
 40
0.0
 40
0.0
 40
0.3527777776895833
 40
0.3527777776895833
 40
0.3527777776895833
 40
0.7055555553791667
 40
0.7055555553791667
 40
0.7055555553791667
 40
1.05833333306875
 40
1.05833333306875
 40
1.05833333306875
 40
1.411111110758333
 40
1.411111110758333
 40
1.411111110758333
 40
1.411111110758333
 10
128.8899793514581
 20
891.3770295351853
 10
129.7175774144022
 20
892.8107921487591
 10
131.5506265947165
 20
893.3018043827943
 10
132.9843030809032
 20
892.4742063198503
 10
134.4176350575414
 20
891.6462637473576
 10
134.9087334189638
 20
889.8135590765918
 10
134.0810492286325
 20
888.379882590405
 10
133.2534511656884
 20
886.9462061042184
 10
131.4204019853741
 20
886.455107742796
 10
129.9870700087359
 20
887.2827058057401
 10
128.5533935225492
 20
888.1103038686842
 10
128.0623812885139
 20
889.9436975585471
 10
128.8899793514581
 20
891.3770295351853
 97
        0
 72
     1
 10
128.8899793514581
 20
891.3770295351853
 11
128.8899793514581
 21
891.3770295351853
 97
        0
 92
        1
 93
        2
 72
     4
 94
        3
 73
     0
 74
     0
 95
       17
 96
       13
 40
0.0
 40
0.0
 40
0.0
 40
0.0
 40
0.3527777776895833
 40
0.3527777776895833
 40
0.3527777776895833
 40
0.7055555553791667
 40
0.7055555553791667
 40
0.7055555553791667
 40
1.05833333306875
 40
1.05833333306875
 40
1.05833333306875
 40
1.411111110758333
 40
1.411111110758333
 40
1.411111110758333
 40
1.411111110758333
 10
132.9871452846786
 20
444.9060905191989
 10
131.5562248748801
 20
444.0803011313844
 10
129.7263624078896
 20
444.5702798367741
 10
128.9002285105267
 20
446.0011141191855
 10
128.0743529953252
 20
447.432034528984
 10
128.5643317007148
 20
449.2618969959745
 10
129.9952521105133
 20
450.0881170207245
 10
131.4260863929247
 20
450.9142509180874
 10
133.2559488599152
 20
450.4239277031493
 10
134.0821688846652
 20
448.9930934207379
 10
134.9080443998668
 20
447.5621730109393
 10
134.4176350575414
 20
445.7323105439489
 10
132.9871452846786
 20
444.9060905191989
 97
        0
 72
     1
 10
132.9871452846786
 20
444.9060905191989
 11
132.9871452846786
 21
444.9060905191989
 97
        0
 92
        1
 93
        2
 72
     4
 94
        3
 73
     0
 74
     0
 95
       17
 96
       13
 40
0.0
 40
0.0
 40
0.0
 40
0.0
 40
0.3527777776895833
 40
0.3527777776895833
 40
0.3527777776895833
 40
0.7055555553791667
 40
0.7055555553791667
 40
0.7055555553791667
 40
1.05833333306875
 40
1.05833333306875
 40
1.05833333306875
 40
1.411111110758333
 40
1.411111110758333
 40
1.411111110758333
 40
1.411111110758333
 10
151.736560698828
 20
508.6308399200428
 10
149.3609520432804
 20
507.2892336106994
 10
146.3486036146715
 20
508.1295354632454
 10
145.0083753435222
 20
510.5079863225683
 10
143.6681901360665
 20
512.8863941181977
 10
144.5078029695154
 20
515.9023168333725
 10
146.8837561346115
 20
517.243923142716
 10
149.2593647901591
 20
518.5855294520594
 10
152.271713218768
 20
517.7448400262713
 10
153.6119414899173
 20
515.366432230642
 10
154.9521266973731
 20
512.9883689445611
 10
154.1125138639241
 20
509.9724462293863
 10
151.736560698828
 20
508.6308399200428
 97
        0
 72
     1
 10
151.736560698828
 20
508.6308399200428
 11
151.736560698828
 21
508.6308399200428
 97
        0
 92
        1
 93
        2
 72
     4
 94
        3
 73
     0
 74
     0
 95
       17
 96
       13
 40
0.0
 40
0.0
 40
0.0
 40
0.0
 40
0.3527777776895833
 40
0.3527777776895833
 40
0.3527777776895833
 40
0.7055555553791667
 40
0.7055555553791667
 40
0.7055555553791667
 40
1.05833333306875
 40
1.05833333306875
 40
1.05833333306875
 40
1.411111110758333
 40
1.411111110758333
 40
1.411111110758333
 40
1.411111110758333
 10
155.2406965079563
 20
492.8729731705101
 10
153.9005113005006
 20
495.2513809661394
 10
154.7401241339495
 20
498.2669591717657
 10
157.1157327894971
 20
499.6085654811092
 10
159.4916859545932
 20
500.9501717904526
 10
162.5040343832021
 20
500.1094823646645
 10
163.8442626543514
 20
497.7314190785837
 10
165.1841033522587
 20
495.3530112829543
 10
164.3448350283582
 20
492.3370885677795
 10
161.9688818632621
 20
490.995482258436
 10
159.5932732077145
 20
489.6538759490927
 10
156.5809247791057
 20
490.4945223111872
 10
155.2406965079563
 20
492.8729731705101
 97
        0
 72
     1
 10
155.2406965079563
 20
492.8729731705101
 11
155.2406965079563
 21
492.8729731705101
 97
        0
 92
        1
 93
        2
 72
     4
 94
        3
 73
     0
 74
     0
 95
       17
 96
       13
 40
0.0
 40
0.0
 40
0.0
 40
0.0
 40
0.3527777776895833
 40
0.3527777776895833
 40
0.3527777776895833
 40
0.7055555553791667
 40
0.7055555553791667
 40
0.7055555553791667
 40
1.05833333306875
 40
1.05833333306875
 40
1.05833333306875
 40
1.411111110758333
 40
1.411111110758333
 40
1.411111110758333
 40
1.411111110758333
 10
206.8139912406142
 20
432.8587638620544
 10
205.4501640653909
 20
432.8587638620544
 10
204.3445467967871
 20
433.9640366211097
 10
204.3445467967871
 20
435.327863796333
 10
204.3445467967871
 20
436.6916909715563
 10
205.4501640653909
 20
437.7976527497086
 10
206.8139912406142
 20
437.7976527497086
 10
208.177473906289
 20
437.7976527497086
 10
209.2834356844413
 20
436.6916909715563
 10
209.2834356844413
 20
435.327863796333
 10
209.2834356844413
 20
433.9640366211097
 10
208.177473906289
 20
432.8587638620544
 10
206.8139912406142
 20
432.8587638620544
 97
        0
 72
     1
 10
206.8139912406142
 20
432.8587638620544
 11
206.8139912406142
 21
432.8587638620544
 97
        0
 92
        1
 93
        2
 72
     4
 94
        3
 73
     0
 74
     0
 95
       17
 96
       13
 40
0.0
 40
0.0
 40
0.0
 40
0.0
 40
0.3527777776895833
 40
0.3527777776895833
 40
0.3527777776895833
 40
0.7055555553791667
 40
0.7055555553791667
 40
0.7055555553791667
 40
1.05833333306875
 40
1.05833333306875
 40
1.05833333306875
 40
1.411111110758333
 40
1.411111110758333
 40
1.411111110758333
 40
1.411111110758333
 10
221.5780771337331
 20
358.5108472139747
 10
220.7508235803375
 20
357.0764817086909
 10
218.9181619732653
 20
356.5846943281716
 10
217.4840979138365
 20
357.4122923911157
 10
216.0504214276497
 20
358.2405794731569
 10
215.5586340471303
 20
360.0747483095039
 10
216.3859306642195
 20
361.5094583243362
 10
217.2131842176151
 20
362.94382382962
 10
219.0461903342359
 20
363.4356112101394
 10
220.4799098841162
 20
362.6080131471952
 10
221.9135863703029
 20
361.779726065154
 10
222.4053737508223
 20
359.945557228807
 10
221.5780771337331
 20
358.5108472139747
 97
        0
 72
     1
 10
221.5780771337331
 20
358.5108472139747
 11
221.5780771337331
 21
358.5108472139747
 97
        0
 92
        1
 93
        2
 72
     4
 94
        3
 73
     0
 74
     0
 95
       17
 96
       13
 40
0.0
 40
0.0
 40
0.0
 40
0.0
 40
0.3527777776895833
 40
0.3527777776895833
 40
0.3527777776895833
 40
0.7055555553791667
 40
0.7055555553791667
 40
0.7055555553791667
 40
1.05833333306875
 40
1.05833333306875
 40
1.05833333306875
 40
1.411111110758333
 40
1.411111110758333
 40
1.411111110758333
 40
1.411111110758333
 10
270.2924593779564
 20
385.8267509343593
 10
268.8697210699353
 20
383.4988137875889
 10
265.8291228583474
 20
382.767850653006
 10
263.5011426478834
 20
384.1937756743509
 10
261.1735069469679
 20
385.6197006956958
 10
260.4397446723033
 20
388.662753537817
 10
261.8628274898729
 20
390.990432302426
 10
263.2856088615875
 20
393.3183694491965
 10
266.3262070731754
 20
394.0493325837793
 10
268.6541872836394
 20
392.6234075624345
 10
270.9821674941034
 20
391.1974825410895
 10
271.7155852592196
 20
388.1544296989683
 10
270.2924593779564
 20
385.8267509343593
 97
        0
 72
     1
 10
270.2924593779564
 20
385.8267509343593
 11
270.2924593779564
 21
385.8267509343593
 97
        0
 92
        1
 93
        2
 72
     4
 94
        3
 73
     0
 74
     0
 95
       17
 96
       13
 40
0.0
 40
0.0
 40
0.0
 40
0.0
 40
0.3527777776895833
 40
0.3527777776895833
 40
0.3527777776895833
 40
0.7055555553791667
 40
0.7055555553791667
 40
0.7055555553791667
 40
1.05833333306875
 40
1.05833333306875
 40
1.05833333306875
 40
1.411111110758333
 40
1.411111110758333
 40
1.411111110758333
 40
1.411111110758333
 10
286.8444637005328
 20
321.1192449826542
 10
286.0171670834436
 20
319.6872910442102
 10
284.1841609668229
 20
319.1966233197234
 10
282.7504844806362
 20
320.0227572170863
 10
281.3167649307559
 20
320.8493217513849
 10
280.8250206139301
 20
322.6803038744081
 10
281.6522741673257
 20
324.112171685465
 10
282.4795277207213
 20
325.5444701334577
 10
284.3125769010356
 20
326.0352239853315
 10
285.7462533872223
 20
325.2086594510329
 10
287.179929873409
 20
324.3820949167343
 10
287.6717172539284
 20
322.5511127937112
 10
286.8444637005328
 20
321.1192449826542
 97
        0
 72
     1
 10
286.8444637005328
 20
321.1192449826542
 11
286.8444637005328
 21
321.1192449826542
 97
        0
 92
        1
 93
        2
 72
     4
 94
        3
 73
     0
 74
     0
 95
       17
 96
       13
 40
0.0
 40
0.0
 40
0.0
 40
0.0
 40
0.3527777776895833
 40
0.3527777776895833
 40
0.3527777776895833
 40
0.7055555553791667
 40
0.7055555553791667
 40
0.7055555553791667
 40
1.05833333306875
 40
1.05833333306875
 40
1.05833333306875
 40
1.411111110758333
 40
1.411111110758333
 40
1.411111110758333
 40
1.411111110758333
 10
287.9334583834203
 20
375.5944728336187
 10
286.5103755658507
 20
373.2664495594612
 10
283.4697773542628
 20
372.5354864248783
 10
281.1417971437988
 20
373.9614975736104
 10
278.8141614428833
 20
375.3874225949552
 10
278.0803991682186
 20
378.4304754370764
 10
279.5034819857882
 20
380.7580680742984
 10
280.9266078670514
 20
383.0856607115203
 10
283.9672060786393
 20
383.8169683556517
 10
286.2948417795548
 20
382.3910433343067
 10
288.6228219900188
 20
380.9651183129619
 10
289.3562397551349
 20
377.9220654708407
 10
287.9334583834203
 20
375.5944728336187
 97
        0
 72
     1
 10
287.9334583834203
 20
375.5944728336187
 11
287.9334583834203
 21
375.5944728336187
 97
        0
 92
        1
 93
        2
 72
     4
 94
        3
 73
     0
 74
     0
 95
       17
 96
       13
 40
0.0
 40
0.0
 40
0.0
 40
0.0
 40
0.3527777776895833
 40
0.3527777776895833
 40
0.3527777776895833
 40
0.7055555553791667
 40
0.7055555553791667
 40
0.7055555553791667
 40
1.05833333306875
 40
1.05833333306875
 40
1.05833333306875
 40
1.411111110758333
 40
1.411111110758333
 40
1.411111110758333
 40
1.411111110758333
 10
320.5848245455048
 20
25.04730834334755
 10
318.9285518272774
 20
25.04730834334755
 10
317.5862134351434
 20
26.38960367178802
 10
317.5862134351434
 20
28.04591945370901
 10
317.5862134351434
 20
29.70223523563
 10
318.9285518272774
 20
31.04453056407047
 10
320.5848245455048
 20
31.04453056407047
 10
322.2407527541837
 20
31.04453056407047
 10
323.5834356558663
 20
29.70223523563
 10
323.5834356558663
 20
28.04591945370901
 10
323.5834356558663
 20
26.38960367178802
 10
322.2407527541837
 20
25.04730834334755
 10
320.5848245455048
 20
25.04730834334755
 97
        0
 72
     1
 10
320.5848245455048
 20
25.04730834334755
 11
320.5848245455048
 21
25.04730834334755
 97
        0
 92
        1
 93
        2
 72
     4
 94
        3
 73
     0
 74
     0
 95
       17
 96
       13
 40
0.0
 40
0.0
 40
0.0
 40
0.0
 40
0.3527777776895833
 40
0.3527777776895833
 40
0.3527777776895833
 40
0.7055555553791667
 40
0.7055555553791667
 40
0.7055555553791667
 40
1.05833333306875
 40
1.05833333306875
 40
1.05833333306875
 40
1.411111110758333
 40
1.411111110758333
 40
1.411111110758333
 40
1.411111110758333
 10
402.4292689694882
 20
287.8667527220871
 10
400.7729962512607
 20
287.8667527220871
 10
399.4306578591267
 20
289.2093925600761
 10
399.4306578591267
 20
290.8653638324486
 10
399.4306578591267
 20
292.5216796143696
 10
400.7729962512607
 20
293.86397494281
 10
402.4292689694882
 20
293.86397494281
 10
404.0851971781671
 20
293.86397494281
 10
405.4278800798497
 20
292.5216796143696
 10
405.4278800798497
 20
290.8653638324486
 10
405.4278800798497
 20
289.2093925600761
 10
404.0851971781671
 20
287.8667527220871
 10
402.4292689694882
 20
287.8667527220871
 97
        0
 72
     1
 10
402.4292689694882
 20
287.8667527220871
 11
402.4292689694882
 21
287.8667527220871
 97
        0
 92
        1
 93
        2
 72
     4
 94
        3
 73
     0
 74
     0
 95
       17
 96
       13
 40
0.0
 40
0.0
 40
0.0
 40
0.0
 40
0.3527777776895833
 40
0.3527777776895833
 40
0.3527777776895833
 40
0.7055555553791667
 40
0.7055555553791667
 40
0.7055555553791667
 40
1.05833333306875
 40
1.05833333306875
 40
1.05833333306875
 40
1.411111110758333
 40
1.411111110758333
 40
1.411111110758333
 40
1.411111110758333
 10
430.1223245181205
 20
334.0806415994226
 10
427.3946271039804
 20
334.0806415994226
 10
425.1830911209178
 20
336.2918761366302
 10
425.1830911209178
 20
339.0198749966253
 10
425.1830911209178
 20
341.7471848375233
 10
427.3946271039804
 20
343.9587638842794
 10
430.1223245181205
 20
343.9587638842794
 10
432.8500219322606
 20
343.9587638842794
 10
435.0612134057747
 20
341.7471848375233
 10
435.0612134057747
 20
339.0198749966253
 10
435.0612134057747
 20
336.2918761366302
 10
432.8500219322606
 20
334.0806415994226
 10
430.1223245181205
 20
334.0806415994226
 97
        0
 72
     1
 10
430.1223245181205
 20
334.0806415994226
 11
430.1223245181205
 21
334.0806415994226
 97
        0
 92
        1
 93
        2
 72
     4
 94
        3
 73
     0
 74
     0
 95
       17
 96
       13
 40
0.0
 40
0.0
 40
0.0
 40
0.0
 40
0.3527777776895833
 40
0.3527777776895833
 40
0.3527777776895833
 40
0.7055555553791667
 40
0.7055555553791667
 40
0.7055555553791667
 40
1.05833333306875
 40
1.05833333306875
 40
1.05833333306875
 40
1.411111110758333
 40
1.411111110758333
 40
1.411111110758333
 40
1.411111110758333
 10
449.8778800687372
 20
334.0806415994226
 10
447.1498381450485
 20
334.0806415994226
 10
444.938991181083
 20
336.2918761366302
 10
444.938991181083
 20
339.0198749966253
 10
444.938991181083
 20
341.7471848375233
 10
447.1498381450485
 20
343.9587638842794
 10
449.8778800687372
 20
343.9587638842794
 10
452.6055774828773
 20
343.9587638842794
 10
454.8167689563913
 20
341.7471848375233
 10
454.8167689563913
 20
339.0198749966253
 10
454.8167689563913
 20
336.2918761366302
 10
452.6055774828773
 20
334.0806415994226
 10
449.8778800687372
 20
334.0806415994226
 97
        0
 72
     1
 10
449.8778800687372
 20
334.0806415994226
 11
449.8778800687372
 21
334.0806415994226
 97
        0
 92
        1
 93
        2
 72
     4
 94
        3
 73
     0
 74
     0
 95
       17
 96
       13
 40
0.0
 40
0.0
 40
0.0
 40
0.0
 40
0.3527777776895833
 40
0.3527777776895833
 40
0.3527777776895833
 40
0.7055555553791667
 40
0.7055555553791667
 40
0.7055555553791667
 40
1.05833333306875
 40
1.05833333306875
 40
1.05833333306875
 40
1.411111110758333
 40
1.411111110758333
 40
1.411111110758333
 40
1.411111110758333
 10
477.5709356173695
 20
287.8667527220871
 10
475.914662899142
 20
287.8667527220871
 10
474.572324507008
 20
289.2093925600761
 10
474.572324507008
 20
290.8653638324486
 10
474.572324507008
 20
292.5216796143696
 10
475.914662899142
 20
293.86397494281
 10
477.5709356173695
 20
293.86397494281
 10
479.2268638260483
 20
293.86397494281
 10
480.5695467277309
 20
292.5216796143696
 10
480.5695467277309
 20
290.8653638324486
 10
480.5695467277309
 20
289.2093925600761
 10
479.2268638260483
 20
287.8667527220871
 10
477.5709356173695
 20
287.8667527220871
 97
        0
 72
     1
 10
477.5709356173695
 20
287.8667527220871
 11
477.5709356173695
 21
287.8667527220871
 97
        0
 92
        1
 93
        2
 72
     4
 94
        3
 73
     0
 74
     0
 95
       17
 96
       13
 40
0.0
 40
0.0
 40
0.0
 40
0.0
 40
0.3527777776895833
 40
0.3527777776895833
 40
0.3527777776895833
 40
0.7055555553791667
 40
0.7055555553791667
 40
0.7055555553791667
 40
1.05833333306875
 40
1.05833333306875
 40
1.05833333306875
 40
1.411111110758333
 40
1.411111110758333
 40
1.411111110758333
 40
1.411111110758333
 10
560.1209355967319
 20
25.04730834334755
 10
558.4646198148109
 20
25.04730834334755
 10
557.1223244863705
 20
26.38960367178802
 10
557.1223244863705
 20
28.04591945370901
 10
557.1223244863705
 20
29.70223523563
 10
558.4646198148109
 20
31.04453056407047
 10
560.1209355967319
 20
31.04453056407047
 10
561.7768638054108
 20
31.04453056407047
 10
563.1195467070934
 20
29.70223523563
 10
563.1195467070934
 20
28.04591945370901
 10
563.1195467070934
 20
26.38960367178802
 10
561.7768638054108
 20
25.04730834334755
 10
560.1209355967319
 20
25.04730834334755
 97
        0
 72
     1
 10
560.1209355967319
 20
25.04730834334755
 11
560.1209355967319
 21
25.04730834334755
 97
        0
 92
        1
 93
        2
 72
     4
 94
        3
 73
     0
 74
     0
 95
       17
 96
       13
 40
0.0
 40
0.0
 40
0.0
 40
0.0
 40
0.3527777776895833
 40
0.3527777776895833
 40
0.3527777776895833
 40
0.7055555553791667
 40
0.7055555553791667
 40
0.7055555553791667
 40
1.05833333306875
 40
1.05833333306875
 40
1.05833333306875
 40
1.411111110758333
 40
1.411111110758333
 40
1.411111110758333
 40
1.411111110758333
 10
597.249375596673
 20
320.023876873119
 10
595.8156991104862
 20
319.1955036636907
 10
593.9826499301719
 20
319.6872910442102
 10
593.1557408863248
 20
321.1220871864296
 10
592.3284873329292
 20
322.5567972012619
 10
592.8198871402066
 20
324.3908799102217
 10
594.2539511996354
 20
325.2188224827144
 10
595.687627685822
 20
326.0468511825942
 10
597.5202892928943
 20
325.5550638020748
 10
598.3475859099834
 20
324.120698296791
 10
599.174839463379
 20
322.6859021545716
 10
598.6830520828596
 20
320.8518194456117
 10
597.249375596673
 20
320.023876873119
 97
        0
 72
     1
 10
597.249375596673
 20
320.023876873119
 11
597.249375596673
 21
320.023876873119
 97
        0
 92
        1
 93
        2
 72
     4
 94
        3
 73
     0
 74
     0
 95
       17
 96
       13
 40
0.0
 40
0.0
 40
0.0
 40
0.0
 40
0.3527777776895833
 40
0.3527777776895833
 40
0.3527777776895833
 40
0.7055555553791667
 40
0.7055555553791667
 40
0.7055555553791667
 40
1.05833333306875
 40
1.05833333306875
 40
1.05833333306875
 40
1.411111110758333
 40
1.411111110758333
 40
1.411111110758333
 40
1.411111110758333
 10
598.5052851558207
 20
373.9614975736104
 10
596.1772618816632
 20
372.5354864248783
 10
593.1367067337688
 20
373.2664495594612
 10
591.7139253620542
 20
375.5944728336187
 10
590.2908425444846
 20
377.9220654708407
 10
591.0242603096008
 20
380.9651183129619
 10
593.3522405200647
 20
382.3910433343067
 10
595.6802207305287
 20
383.8169683556517
 10
598.7208189421167
 20
383.0856607115203
 10
600.1435572501377
 20
380.7580680742984
 10
601.5666831314009
 20
378.4304754370764
 10
600.8328777930427
 20
375.3874225949552
 10
598.5052851558207
 20
373.9614975736104
 97
        0
 72
     1
 10
598.5052851558207
 20
373.9614975736104
 11
598.5052851558207
 21
373.9614975736104
 97
        0
 92
        1
 93
        2
 72
     4
 94
        3
 73
     0
 74
     0
 95
       17
 96
       13
 40
0.0
 40
0.0
 40
0.0
 40
0.0
 40
0.3527777776895833
 40
0.3527777776895833
 40
0.3527777776895833
 40
0.7055555553791667
 40
0.7055555553791667
 40
0.7055555553791667
 40
1.05833333306875
 40
1.05833333306875
 40
1.05833333306875
 40
1.411111110758333
 40
1.411111110758333
 40
1.411111110758333
 40
1.411111110758333
 10
616.1458965880425
 20
384.1937756743509
 10
613.8179163775785
 20
382.767850653006
 10
610.7773612296842
 20
383.4988137875889
 10
609.3545798579695
 20
385.8267509343593
 10
607.9314970404
 20
388.1544296989683
 10
608.6652593150646
 20
391.1974825410895
 10
610.9928950159801
 20
392.6234075624345
 10
613.3208752264441
 20
394.0493325837793
 10
616.361473438032
 20
393.3183694491965
 10
617.7845562556016
 20
390.990432302426
 10
619.2073376273163
 20
388.662753537817
 10
618.4738767985066
 20
385.6197006956958
 10
616.1458965880425
 20
384.1937756743509
 97
        0
 72
     1
 10
616.1458965880425
 20
384.1937756743509
 11
616.1458965880425
 21
384.1937756743509
 97
        0
 92
        1
 93
        2
 72
     4
 94
        3
 73
     0
 74
     0
 95
       17
 96
       13
 40
0.0
 40
0.0
 40
0.0
 40
0.0
 40
0.3527777776895833
 40
0.3527777776895833
 40
0.3527777776895833
 40
0.7055555553791667
 40
0.7055555553791667
 40
0.7055555553791667
 40
1.05833333306875
 40
1.05833333306875
 40
1.05833333306875
 40
1.411111110758333
 40
1.411111110758333
 40
1.411111110758333
 40
1.411111110758333
 10
662.5185613035544
 20
357.4228860597328
 10
661.087339447901
 20
356.5963215254343
 10
659.257821490459
 20
357.0874198868567
 10
658.4323335484996
 20
358.5189431883651
 10
657.606458033298
 20
359.9512416363577
 10
658.0972118851719
 20
361.7821376319937
 10
659.5283906771318
 20
362.6083576567437
 10
660.9596125327853
 20
363.4349221910423
 10
662.7891304902272
 20
362.9441683391685
 10
663.6146184321866
 20
361.5123005281116
 10
664.4404939473882
 20
360.0800020801189
 10
663.9497831592079
 20
358.2491060844829
 10
662.5185613035544
 20
357.4228860597328
 97
        0
 72
     1
 10
662.5185613035544
 20
357.4228860597328
 11
662.5185613035544
 21
357.4228860597328
 97
        0
 92
        1
 93
        2
 72
     4
 94
        3
 73
     0
 74
     0
 95
       17
 96
       13
 40
0.0
 40
0.0
 40
0.0
 40
0.0
 40
0.3527777776895833
 40
0.3527777776895833
 40
0.3527777776895833
 40
0.7055555553791667
 40
0.7055555553791667
 40
0.7055555553791667
 40
1.05833333306875
 40
1.05833333306875
 40
1.05833333306875
 40
1.411111110758333
 40
1.411111110758333
 40
1.411111110758333
 40
1.411111110758333
 10
672.8334355685538
 20
432.8587638620544
 10
671.469565329637
 20
432.8587638620544
 10
670.3639911247268
 20
433.9640366211097
 10
670.3639911247268
 20
435.327863796333
 10
670.3639911247268
 20
436.6916909715563
 10
671.469565329637
 20
437.7976527497086
 10
672.8334355685538
 20
437.7976527497086
 10
674.1972627437771
 20
437.7976527497086
 10
675.3028800123809
 20
436.6916909715563
 10
675.3028800123809
 20
435.327863796333
 10
675.3028800123809
 20
433.9640366211097
 10
674.1972627437771
 20
432.8587638620544
 10
672.8334355685538
 20
432.8587638620544
 97
        0
 72
     1
 10
672.8334355685538
 20
432.8587638620544
 11
672.8334355685538
 21
432.8587638620544
 97
        0
 92
        1
 93
        2
 72
     4
 94
        3
 73
     0
 74
     0
 95
       17
 96
       13
 40
0.0
 40
0.0
 40
0.0
 40
0.0
 40
0.3527777776895833
 40
0.3527777776895833
 40
0.3527777776895833
 40
0.7055555553791667
 40
0.7055555553791667
 40
0.7055555553791667
 40
1.05833333306875
 40
1.05833333306875
 40
1.05833333306875
 40
1.411111110758333
 40
1.411111110758333
 40
1.411111110758333
 40
1.411111110758333
 10
724.4063427279697
 20
492.8729731705101
 10
723.0661144568203
 20
490.4945223111872
 10
720.0537660282114
 20
489.6538759490927
 10
717.6781573726638
 20
490.995482258436
 10
715.3025917808098
 20
492.3370885677795
 10
714.4629789473609
 20
495.3530112829543
 10
715.8031641548166
 20
497.7314190785837
 10
717.1430048527238
 20
500.1094823646645
 10
720.1553963450262
 20
500.9501717904526
 10
722.5313495101224
 20
499.6085654811092
 10
724.9069151019764
 20
498.2669591717657
 10
725.746570999119
 20
495.2513809661394
 10
724.4063427279697
 20
492.8729731705101
 97
        0
 72
     1
 10
724.4063427279697
 20
492.8729731705101
 11
724.4063427279697
 21
492.8729731705101
 97
        0
 92
        1
 93
        2
 72
     4
 94
        3
 73
     0
 74
     0
 95
       17
 96
       13
 40
0.0
 40
0.0
 40
0.0
 40
0.0
 40
0.3527777776895833
 40
0.3527777776895833
 40
0.3527777776895833
 40
0.7055555553791667
 40
0.7055555553791667
 40
0.7055555553791667
 40
1.05833333306875
 40
1.05833333306875
 40
1.05833333306875
 40
1.411111110758333
 40
1.411111110758333
 40
1.411111110758333
 40
1.411111110758333
 10
734.6386208287101
 20
510.5079863225683
 10
733.298478684948
 20
508.1295354632454
 10
730.2860871926455
 20
507.2892336106994
 10
727.9104354734044
 20
508.6308399200428
 10
725.5345253720018
 20
509.9724462293863
 10
724.695300111795
 20
512.9883689445611
 10
726.0354422555572
 20
515.366432230642
 10
727.3753260171579
 20
517.7448400262713
 10
730.3877175094603
 20
518.5855294520594
 10
732.763627610863
 20
517.243923142716
 10
735.1392793301042
 20
515.9023168333725
 10
735.9788490998595
 20
512.8863941181977
 10
734.6386208287101
 20
510.5079863225683
 97
        0
 72
     1
 10
734.6386208287101
 20
510.5079863225683
 11
734.6386208287101
 21
510.5079863225683
 97
        0
 92
        1
 93
        2
 72
     4
 94
        3
 73
     0
 74
     0
 95
       17
 96
       13
 40
0.0
 40
0.0
 40
0.0
 40
0.0
 40
0.3527777776895833
 40
0.3527777776895833
 40
0.3527777776895833
 40
0.7055555553791667
 40
0.7055555553791667
 40
0.7055555553791667
 40
1.05833333306875
 40
1.05833333306875
 40
1.05833333306875
 40
1.411111110758333
 40
1.411111110758333
 40
1.411111110758333
 40
1.411111110758333
 10
439.8251345064717
 20
367.9444660538472
 10
274.117979532165
 20
367.9444660538472
 10
139.7858689700448
 20
502.2766196796609
 10
139.7858689700448
 20
667.9833870807255
 10
139.7858689700448
 20
833.6904559276452
 10
274.117979532165
 20
968.0226526171524
 10
439.8251345064717
 20
968.0226526171524
 10
605.5322464170848
 20
968.0226526171524
 10
739.8643139155114
 20
833.6904559276452
 10
739.8643139155114
 20
667.9833870807255
 10
739.8643139155114
 20
502.2766196796609
 10
605.5322464170848
 20
367.9444660538472
 10
439.8251345064717
 20
367.9444660538472
 97
        0
 72
     1
 10
439.8251345064717
 20
367.9444660538472
 11
439.8251345064717
 21
367.9444660538472
 97
        0
 92
        1
 93
        2
 72
     4
 94
        3
 73
     0
 74
     0
 95
       17
 96
       13
 40
0.0
 40
0.0
 40
0.0
 40
0.0
 40
0.3527777776895833
 40
0.3527777776895833
 40
0.3527777776895833
 40
0.7055555553791667
 40
0.7055555553791667
 40
0.7055555553791667
 40
1.05833333306875
 40
1.05833333306875
 40
1.05833333306875
 40
1.411111110758333
 40
1.411111110758333
 40
1.411111110758333
 40
1.411111110758333
 10
751.109880725851
 20
446.0039563229608
 10
750.2821965355198
 20
444.5702798367741
 10
748.4492334825926
 20
444.0791814753517
 10
747.0159015059544
 20
444.906865665683
 10
745.5821388923805
 20
445.7348082381757
 10
745.0911266583453
 20
447.5675129089415
 10
745.9187247212894
 20
449.0011893951282
 10
746.7463227842336
 20
450.4348658813149
 10
748.5793719645479
 20
450.9259642427373
 10
750.0130484507346
 20
450.098280052406
 10
751.4463804273728
 20
449.2706819894619
 10
751.9374787887951
 20
447.4376328091475
 10
751.109880725851
 20
446.0039563229608
 97
        0
 72
     1
 10
751.109880725851
 20
446.0039563229608
 11
751.109880725851
 21
446.0039563229608
 97
        0
 92
        1
 93
        2
 72
     4
 94
        3
 73
     0
 74
     0
 95
       17
 96
       13
 40
0.0
 40
0.0
 40
0.0
 40
0.0
 40
0.3527777776895833
 40
0.3527777776895833
 40
0.3527777776895833
 40
0.7055555553791667
 40
0.7055555553791667
 40
0.7055555553791667
 40
1.05833333306875
 40
1.05833333306875
 40
1.05833333306875
 40
1.411111110758333
 40
1.411111110758333
 40
1.411111110758333
 40
1.411111110758333
 10
750.0130484507346
 20
887.2827058057401
 10
748.5793719645479
 20
886.455107742796
 10
746.7463227842336
 20
886.9462061042184
 10
745.9187247212894
 20
888.379882590405
 10
745.0911266583453
 20
889.8135590765918
 10
745.5821388923805
 20
891.6462637473576
 10
747.0159015059544
 20
892.4742063198503
 10
748.4492334825926
 20
893.3018043827943
 10
750.2821965355198
 20
892.8107921487591
 10
751.109880725851
 20
891.3770295351853
 10
751.9374787887951
 20
889.9436975585471
 10
751.4463804273728
 20
888.1103038686842
 10
750.0130484507346
 20
887.2827058057401
 97
        0
 72
     1
 10
750.0130484507346
 20
887.2827058057401
 11
750.0130484507346
 21
887.2827058057401
 97
        0
 92
        1
 93
        2
 72
     4
 94
        3
 73
     0
 74
     0
 95
       17
 96
       13
 40
0.0
 40
0.0
 40
0.0
 40
0.0
 40
0.3527777776895833
 40
0.3527777776895833
 40
0.3527777776895833
 40
0.7055555553791667
 40
0.7055555553791667
 40
0.7055555553791667
 40
1.05833333306875
 40
1.05833333306875
 40
1.05833333306875
 40
1.411111110758333
 40
1.411111110758333
 40
1.411111110758333
 40
1.411111110758333
 10
769.14176887781
 20
652.9920971403544
 10
766.4140283999764
 20
652.9920971403544
 10
764.2028799901559
 20
655.2032886138685
 10
764.2028799901559
 20
657.9309860280086
 10
764.2028799901559
 20
660.6582958689066
 10
766.4140283999764
 20
662.8698749156628
 10
769.14176887781
 20
662.8698749156628
 10
771.8694232282567
 20
662.8698749156628
 10
774.0806577654643
 20
660.6582958689066
 10
774.0806577654643
 20
657.9309860280086
 10
774.0806577654643
 20
655.2032886138685
 10
771.8694232282567
 20
652.9920971403544
 10
769.14176887781
 20
652.9920971403544
 97
        0
 72
     1
 10
769.14176887781
 20
652.9920971403544
 11
769.14176887781
 21
652.9920971403544
 97
        0
 92
        1
 93
        2
 72
     4
 94
        3
 73
     0
 74
     0
 95
       17
 96
       13
 40
0.0
 40
0.0
 40
0.0
 40
0.0
 40
0.3527777776895833
 40
0.3527777776895833
 40
0.3527777776895833
 40
0.7055555553791667
 40
0.7055555553791667
 40
0.7055555553791667
 40
1.05833333306875
 40
1.05833333306875
 40
1.05833333306875
 40
1.411111110758333
 40
1.411111110758333
 40
1.411111110758333
 40
1.411111110758333
 10
769.14176887781
 20
673.1004304686606
 10
766.4140283999764
 20
673.1004304686606
 10
764.2028799901559
 20
675.3116219421747
 10
764.2028799901559
 20
678.0393193563149
 10
764.2028799901559
 20
680.767016770455
 10
766.4140283999764
 20
682.978208243969
 10
769.14176887781
 20
682.978208243969
 10
771.8694232282567
 20
682.978208243969
 10
774.0806577654643
 20
680.767016770455
 10
774.0806577654643
 20
678.0393193563149
 10
774.0806577654643
 20
675.3116219421747
 10
771.8694232282567
 20
673.1004304686606
 10
769.14176887781
 20
673.1004304686606
 97
        0
 72
     1
 10
769.14176887781
 20
673.1004304686606
 11
769.14176887781
 21
673.1004304686606
 97
        0
 92
        1
 93
        2
 72
     4
 94
        3
 73
     0
 74
     0
 95
       17
 96
       13
 40
0.0
 40
0.0
 40
0.0
 40
0.0
 40
0.3527777776895833
 40
0.3527777776895833
 40
0.3527777776895833
 40
0.7055555553791667
 40
0.7055555553791667
 40
0.7055555553791667
 40
1.05833333306875
 40
1.05833333306875
 40
1.05833333306875
 40
1.411111110758333
 40
1.411111110758333
 40
1.411111110758333
 40
1.411111110758333
 10
787.3909564275012
 20
822.026568398009
 10
785.9600360177027
 20
821.2007790101947
 10
784.1305180602608
 20
821.6907577155843
 10
783.3043841628979
 20
823.1220226349313
 10
782.4781641381478
 20
824.5525124077942
 10
782.9684873530861
 20
826.3823748747847
 10
784.3994077628846
 20
827.2085948995347
 10
785.8302420452959
 20
828.0347287968976
 10
787.6597600027379
 20
827.5444055819594
 10
788.4859800274879
 20
826.1135712995481
 10
789.3121139248508
 20
824.6826508897495
 10
788.8217907099126
 20
822.8527884227591
 10
787.3909564275012
 20
822.026568398009
 97
        0
 72
     1
 10
787.3909564275012
 20
822.026568398009
 11
787.3909564275012
 21
822.026568398009
 97
        0
 92
        1
 93
        2
 72
     4
 94
        3
 73
     0
 74
     0
 95
       17
 96
       13
 40
0.0
 40
0.0
 40
0.0
 40
0.0
 40
0.3527777776895833
 40
0.3527777776895833
 40
0.3527777776895833
 40
0.7055555553791667
 40
0.7055555553791667
 40
0.7055555553791667
 40
1.05833333306875
 40
1.05833333306875
 40
1.05833333306875
 40
1.411111110758333
 40
1.411111110758333
 40
1.411111110758333
 40
1.411111110758333
 10
788.4859800274879
 20
510.9147229082956
 10
787.6597600027379
 20
509.4838455621907
 10
785.8302420452959
 20
508.9934792835589
 10
784.3994077628846
 20
509.819699308309
 10
782.9684873530861
 20
510.6459193330591
 10
782.4781641381478
 20
512.4757818000495
 10
783.3043841628979
 20
513.9062715729124
 10
784.1305180602608
 20
515.3371489190173
 10
785.9600360177027
 20
515.8278597071976
 10
787.3909564275012
 20
515.001295172899
 10
788.8217907099126
 20
514.175462721391
 10
789.3121139248508
 20
512.3456002544006
 10
788.4859800274879
 20
510.9147229082956
 97
        0
 72
     1
 10
788.4859800274879
 20
510.9147229082956
 11
788.4859800274879
 21
510.9147229082956
 97
        0
 92
        1
 93
        2
 72
     4
 94
        3
 73
     0
 74
     0
 95
       29
 96
       25
 40
0.0
 40
0.0
 40
0.0
 40
0.0
 40
0.3527777776895833
 40
0.3527777776895833
 40
0.3527777776895833
 40
0.7055555553791667
 40
0.7055555553791667
 40
0.7055555553791667
 40
1.05833333306875
 40
1.05833333306875
 40
1.05833333306875
 40
1.411111110758333
 40
1.411111110758333
 40
1.411111110758333
 40
1.763888888447917
 40
1.763888888447917
 40
1.763888888447917
 40
2.1166666661375
 40
2.1166666661375
 40
2.1166666661375
 40
2.469444443827083
 40
2.469444443827083
 40
2.469444443827083
 40
2.822222221516667
 40
2.822222221516667
 40
2.822222221516667
 40
2.822222221516667
 10
797.5403799818215
 20
276.1167378053198
 10
797.6543265149962
 20
275.7004841433145
 10
797.7202139661516
 20
275.264421182269
 10
797.7202139661516
 20
274.8121662724428
 10
797.7202139661516
 20
272.0834783933507
 10
795.5083765372341
 20
269.871554837046
 10
792.7796025307548
 20
269.871554837046
 10
790.0508285242755
 20
269.871554837046
 10
787.838991095358
 20
272.0834783933507
 10
787.838991095358
 20
274.8121662724428
 10
787.838991095358
 20
275.202753973083
 10
787.8890311072812
 20
275.5809393299763
 10
787.9747278574769
 20
275.9453443049286
 10
784.7510658845414
 20
277.6195745833729
 10
782.5473244300142
 20
280.9865525284947
 10
782.5473244300142
 20
284.8698641594683
 10
782.5473244300142
 20
290.4218939161098
 10
787.0479971719446
 20
294.9223082758788
 10
792.5996824190377
 20
294.9223082758788
 10
798.1513676661306
 20
294.9223082758788
 10
802.6521265354481
 20
290.4218939161098
 10
802.6521265354481
 20
284.8698641594683
 10
802.6521265354481
 20
281.1145378257717
 10
800.591528798333
 20
277.8425583886557
 10
797.5403799818215
 20
276.1167378053198
 97
        0
 72
     1
 10
797.5403799818215
 20
276.1167378053198
 11
797.5403799818215
 21
276.1167378053198
 97
        0
 92
        1
 93
        2
 72
     4
 94
        3
 73
     0
 74
     0
 95
       17
 96
       13
 40
0.0
 40
0.0
 40
0.0
 40
0.0
 40
0.3527777776895833
 40
0.3527777776895833
 40
0.3527777776895833
 40
0.7055555553791667
 40
0.7055555553791667
 40
0.7055555553791667
 40
1.05833333306875
 40
1.05833333306875
 40
1.05833333306875
 40
1.411111110758333
 40
1.411111110758333
 40
1.411111110758333
 40
1.411111110758333
 10
817.2959355324382
 20
627.2393193690149
 10
815.6399642600658
 20
627.2393193690149
 10
814.2973244220767
 20
628.5816577611489
 10
814.2973244220767
 20
630.2379304793764
 10
814.2973244220767
 20
631.8938586880552
 10
815.6399642600658
 20
633.2365415897377
 10
817.2959355324382
 20
633.2365415897377
 10
818.952165186972
 20
633.2365415897377
 10
820.2945466427997
 20
631.8938586880552
 10
820.2945466427997
 20
630.2379304793764
 10
820.2945466427997
 20
628.5816577611489
 10
818.952165186972
 20
627.2393193690149
 10
817.2959355324382
 20
627.2393193690149
 97
        0
 72
     1
 10
817.2959355324382
 20
627.2393193690149
 11
817.2959355324382
 21
627.2393193690149
 97
        0
 92
        1
 93
        2
 72
     4
 94
        3
 73
     0
 74
     0
 95
       17
 96
       13
 40
0.0
 40
0.0
 40
0.0
 40
0.0
 40
0.3527777776895833
 40
0.3527777776895833
 40
0.3527777776895833
 40
0.7055555553791667
 40
0.7055555553791667
 40
0.7055555553791667
 40
1.05833333306875
 40
1.05833333306875
 40
1.05833333306875
 40
1.411111110758333
 40
1.411111110758333
 40
1.411111110758333
 40
1.411111110758333
 10
817.2959355324382
 20
702.7337637945857
 10
815.6399642600658
 20
702.7337637945857
 10
814.2973244220767
 20
704.0761021867197
 10
814.2973244220767
 20
705.7323749049472
 10
814.2973244220767
 20
707.3883031136261
 10
815.6399642600658
 20
708.7309860153086
 10
817.2959355324382
 20
708.7309860153086
 10
818.952165186972
 20
708.7309860153086
 10
820.2945466427997
 20
707.3883031136261
 10
820.2945466427997
 20
705.7323749049472
 10
820.2945466427997
 20
704.0761021867197
 10
818.952165186972
 20
702.7337637945857
 10
817.2959355324382
 20
702.7337637945857
 97
        0
 72
     1
 10
817.2959355324382
 20
702.7337637945857
 11
817.2959355324382
 21
702.7337637945857
 97
        0
 92
        1
 93
        2
 72
     4
 94
        3
 73
     0
 74
     0
 95
       17
 96
       13
 40
0.0
 40
0.0
 40
0.0
 40
0.0
 40
0.3527777776895833
 40
0.3527777776895833
 40
0.3527777776895833
 40
0.7055555553791667
 40
0.7055555553791667
 40
0.7055555553791667
 40
1.05833333306875
 40
1.05833333306875
 40
1.05833333306875
 40
1.411111110758333
 40
1.411111110758333
 40
1.411111110758333
 40
1.411111110758333
 10
859.9820466328778
 20
74.7889749975788
 10
858.3260753605053
 20
74.7889749975788
 10
856.9834355225163
 20
76.13127032601928
 10
856.9834355225163
 20
77.78758610794026
 10
856.9834355225163
 20
79.44390188986125
 10
858.3260753605053
 20
80.78619721830172
 10
859.9820466328778
 20
80.78619721830172
 10
861.6379317778632
 20
80.78619721830172
 10
862.9806577432392
 20
79.44390188986125
 10
862.9806577432392
 20
77.78758610794026
 10
862.9806577432392
 20
76.13127032601928
 10
861.6379317778632
 20
74.7889749975788
 10
859.9820466328778
 20
74.7889749975788
 97
        0
 72
     1
 10
859.9820466328778
 20
74.7889749975788
 11
859.9820466328778
 21
74.7889749975788
 97
        0
 92
        1
 93
        2
 72
     4
 94
        3
 73
     0
 74
     0
 95
       17
 96
       13
 40
0.0
 40
0.0
 40
0.0
 40
0.0
 40
0.3527777776895833
 40
0.3527777776895833
 40
0.3527777776895833
 40
0.7055555553791667
 40
0.7055555553791667
 40
0.7055555553791667
 40
1.05833333306875
 40
1.05833333306875
 40
1.05833333306875
 40
1.411111110758333
 40
1.411111110758333
 40
1.411111110758333
 40
1.411111110758333
 10
859.9820466328778
 20
394.7587638715794
 10
858.3260753605053
 20
394.7587638715794
 10
856.9834355225163
 20
396.1010592000199
 10
856.9834355225163
 20
397.7573749819409
 10
856.9834355225163
 20
399.4133462543134
 10
858.3260753605053
 20
400.7559860923024
 10
859.9820466328778
 20
400.7559860923024
 10
861.6379317778632
 20
400.7559860923024
 10
862.9806577432392
 20
399.4133462543134
 10
862.9806577432392
 20
397.7573749819409
 10
862.9806577432392
 20
396.1010592000199
 10
861.6379317778632
 20
394.7587638715794
 10
859.9820466328778
 20
394.7587638715794
 97
        0
 72
     1
 10
859.9820466328778
 20
394.7587638715794
 11
859.9820466328778
 21
394.7587638715794
 97
        0
 92
        1
 93
        2
 72
     4
 94
        3
 73
     0
 74
     0
 95
       17
 96
       13
 40
0.0
 40
0.0
 40
0.0
 40
0.0
 40
0.3527777776895833
 40
0.3527777776895833
 40
0.3527777776895833
 40
0.7055555553791667
 40
0.7055555553791667
 40
0.7055555553791667
 40
1.05833333306875
 40
1.05833333306875
 40
1.05833333306875
 40
1.411111110758333
 40
1.411111110758333
 40
1.411111110758333
 40
1.411111110758333
 10
859.9820466328778
 20
714.7282082360315
 10
858.3260753605053
 20
714.7282082360315
 10
856.9834355225163
 20
716.0705466281655
 10
856.9834355225163
 20
717.726819346393
 10
856.9834355225163
 20
719.3827475550719
 10
858.3260753605053
 20
720.7254304567545
 10
859.9820466328778
 20
720.7254304567545
 10
861.6379317778632
 20
720.7254304567545
 10
862.9806577432392
 20
719.3827475550719
 10
862.9806577432392
 20
717.726819346393
 10
862.9806577432392
 20
716.0705466281655
 10
861.6379317778632
 20
714.7282082360315
 10
859.9820466328778
 20
714.7282082360315
 97
        0
 72
     1
 10
859.9820466328778
 20
714.7282082360315
 11
859.9820466328778
 21
714.7282082360315
 97
        0
 92
        1
 93
        2
 72
     4
 94
        3
 73
     0
 74
     0
 95
       17
 96
       13
 40
0.0
 40
0.0
 40
0.0
 40
0.0
 40
0.3527777776895833
 40
0.3527777776895833
 40
0.3527777776895833
 40
0.7055555553791667
 40
0.7055555553791667
 40
0.7055555553791667
 40
1.05833333306875
 40
1.05833333306875
 40
1.05833333306875
 40
1.411111110758333
 40
1.411111110758333
 40
1.411111110758333
 40
1.411111110758333
 10
859.9820466328778
 20
1035.050430378173
 10
858.3260753605053
 20
1035.050430378173
 10
856.9834355225163
 20
1036.392725706614
 10
856.9834355225163
 20
1038.049041488535
 10
856.9834355225163
 20
1039.70492663352
 10
858.3260753605053
 20
1041.047652598896
 10
859.9820466328778
 20
1041.047652598896
 10
861.6379317778632
 20
1041.047652598896
 10
862.9806577432392
 20
1039.70492663352
 10
862.9806577432392
 20
1038.049041488535
 10
862.9806577432392
 20
1036.392725706614
 10
861.6379317778632
 20
1035.050430378173
 10
859.9820466328778
 20
1035.050430378173
 97
        0
 72
     1
 10
859.9820466328778
 20
1035.050430378173
 11
859.9820466328778
 21
1035.050430378173
 97
        0
 92
        1
 93
        2
 72
     4
 94
        3
 73
     0
 74
     0
 95
       17
 96
       13
 40
0.0
 40
0.0
 40
0.0
 40
0.0
 40
0.3527777776895833
 40
0.3527777776895833
 40
0.3527777776895833
 40
0.7055555553791667
 40
0.7055555553791667
 40
0.7055555553791667
 40
1.05833333306875
 40
1.05833333306875
 40
1.05833333306875
 40
1.411111110758333
 40
1.411111110758333
 40
1.411111110758333
 40
1.411111110758333
 10
859.9820466328778
 20
1205.089319224552
 10
858.3260753605053
 20
1205.089319224552
 10
856.9834355225163
 20
1206.431959062541
 10
856.9834355225163
 20
1208.087930334914
 10
856.9834355225163
 20
1209.743815479899
 10
858.3260753605053
 20
1211.086541445275
 10
859.9820466328778
 20
1211.086541445275
 10
861.6379317778632
 20
1211.086541445275
 10
862.9806577432392
 20
1209.743815479899
 10
862.9806577432392
 20
1208.087930334914
 10
862.9806577432392
 20
1206.431959062541
 10
861.6379317778632
 20
1205.089319224552
 10
859.9820466328778
 20
1205.089319224552
 97
        0
 72
     1
 10
859.9820466328778
 20
1205.089319224552
 11
859.9820466328778
 21
1205.089319224552
 97
        0
 75
     0
 76
     1
 98
        0
  0
POLYLINE
  5
106
330
41
100
AcDbEntity
  8
Calque 1
370
     0
100
AcDb2dPolyline
 66
     1
 10
0.0
 20
0.0
 30
0.0
  0
VERTEX
  5
107
330
106
100
AcDbEntity
  8
Calque 1
370
     0
100
AcDbVertex
100
AcDb2dVertex
 10
0.0
 20
1267.883677525911
 30
0.0
  0
VERTEX
  5
108
330
106
100
AcDbEntity
  8
Calque 1
370
     0
100
AcDbVertex
100
AcDb2dVertex
 10
879.9999462046962
 20
1267.883677525911
 30
0.0
  0
VERTEX
  5
109
330
106
100
AcDbEntity
  8
Calque 1
370
     0
100
AcDbVertex
100
AcDb2dVertex
 10
879.9999462046962
 20
-2.1166666661375
 30
0.0
  0
VERTEX
  5
10A
330
106
100
AcDbEntity
  8
Calque 1
370
     0
100
AcDbVertex
100
AcDb2dVertex
 10
0.0
 20
-2.1166666661375
 30
0.0
  0
VERTEX
  5
10B
330
106
100
AcDbEntity
  8
Calque 1
370
     0
100
AcDbVertex
100
AcDb2dVertex
 10
0.0
 20
1267.883677525911
 30
0.0
  0
SEQEND
  5
10C
330
106
100
AcDbEntity
  8
Calque 1
370
     0
  0
ENDBLK
  5
44
330
41
100
AcDbEntity
  8
0
100
AcDbBlockEnd
  0
ENDSEC
  0
SECTION
  2
ENTITIES
  0
INSERT
  5
42
330
1F
100
AcDbEntity
  8
Calque 1
100
AcDbBlockReference
  2
block 2
 10
0.0
 20
0.0
 30
0.0
  0
ENDSEC
  0
SECTION
  2
OBJECTS
  0
DICTIONARY
  5
C
330
0
100
AcDbDictionary
281
     1
  3
ACAD_GROUP
350
D
  3
ACAD_LAYOUT
350
1A
  3
ACAD_MATERIAL
350
3B
  3
ACAD_MLEADERSTYLE
350
10E
  3
ACAD_MLINESTYLE
350
17
  3
ACAD_PLOTSETTINGS
350
19
  3
ACAD_PLOTSTYLENAME
350
E
  3
ACAD_TABLESTYLE
350
10D
  3
ACAD_VISUALSTYLE
350
2A
  0
SUN
  5
3F
330
29
100
AcDbSun
 90
        1
290
     0
 63
     7
421
 16777215
 40
1.0
291
     1
 91
  2455826
 92
 54000000
292
     0
 70
     2
 71
   256
280
     1
  0
DICTIONARY
  5
D
102
{ACAD_REACTORS
330
C
102
}
330
C
100
AcDbDictionary
281
     1
  0
DICTIONARY
  5
1A
102
{ACAD_REACTORS
330
C
102
}
330
C
100
AcDbDictionary
281
     1
  3
Layout1
350
1E
  3
Layout2
350
26
  3
Model
350
22
  0
DICTIONARY
  5
3B
102
{ACAD_REACTORS
330
C
102
}
330
C
100
AcDbDictionary
281
     1
  3
ByBlock
350
3D
  3
ByLayer
350
3C
  3
Global
350
3E
  0
DICTIONARY
  5
10E
102
{ACAD_REACTORS
330
C
102
}
330
C
100
AcDbDictionary
281
     1
  0
DICTIONARY
  5
17
102
{ACAD_REACTORS
330
C
102
}
330
C
100
AcDbDictionary
281
     1
  3
Standard
350
18
  0
DICTIONARY
  5
19
102
{ACAD_REACTORS
330
C
102
}
330
C
100
AcDbDictionary
281
     1
  0
ACDBDICTIONARYWDFLT
  5
E
102
{ACAD_REACTORS
330
C
102
}
330
C
100
AcDbDictionary
281
     1
  3
Normal
350
F
100
AcDbDictionaryWithDefault
340
F
  0
DICTIONARY
  5
10D
102
{ACAD_REACTORS
330
C
102
}
330
C
100
AcDbDictionary
281
     1
  0
DICTIONARY
  5
2A
102
{ACAD_REACTORS
330
C
102
}
330
C
100
AcDbDictionary
281
     1
  3
2dWireframe
350
2F
  3
3D Hidden
350
31
  3
3dWireframe
350
30
  3
Basic
350
32
  3
Brighten
350
36
  3
ColorChange
350
3A
  3
Conceptual
350
34
  3
Dim
350
35
  3
Facepattern
350
39
  3
Flat
350
2B
  3
FlatWithEdges
350
2C
  3
Gouraud
350
2D
  3
GouraudWithEdges
350
2E
  3
Linepattern
350
38
  3
Realistic
350
33
  3
Thicken
350
37
  0
LAYOUT
  5
1E
102
{ACAD_REACTORS
330
1A
102
}
330
1A
100
AcDbPlotSettings
  1

  2
none_device
  4

  6

 40
0.0
 41
0.0
 42
0.0
 43
0.0
 44
0.0
 45
0.0
 46
0.0
 47
0.0
 48
0.0
 49
0.0
140
0.0
141
0.0
142
1.0
143
1.0
 70
   688
 72
     0
 73
     0
 74
     5
  7

 75
    16
 76
     0
 77
     2
 78
   300
147
1.0
148
0.0
149
0.0
100
AcDbLayout
  1
Layout1
 70
     1
 71
     1
 10
0.0
 20
0.0
 11
12.0
 21
9.0
 12
0.0
 22
0.0
 32
0.0
 14
1.000000000000000E+20
 24
1.000000000000000E+20
 34
1.000000000000000E+20
 15
-1.000000000000000E+20
 25
-1.000000000000000E+20
 35
-1.000000000000000E+20
146
0.0
 13
0.0
 23
0.0
 33
0.0
 16
1.0
 26
0.0
 36
0.0
 17
0.0
 27
1.0
 37
0.0
 76
     0
330
1B
  0
LAYOUT
  5
26
102
{ACAD_REACTORS
330
1A
102
}
330
1A
100
AcDbPlotSettings
  1

  2
none_device
  4

  6

 40
0.0
 41
0.0
 42
0.0
 43
0.0
 44
0.0
 45
0.0
 46
0.0
 47
0.0
 48
0.0
 49
0.0
140
0.0
141
0.0
142
1.0
143
1.0
 70
   688
 72
     0
 73
     0
 74
     5
  7

 75
    16
 76
     0
 77
     2
 78
   300
147
1.0
148
0.0
149
0.0
100
AcDbLayout
  1
Layout2
 70
     1
 71
     2
 10
0.0
 20
0.0
 11
0.0
 21
0.0
 12
0.0
 22
0.0
 32
0.0
 14
0.0
 24
0.0
 34
0.0
 15
0.0
 25
0.0
 35
0.0
146
0.0
 13
0.0
 23
0.0
 33
0.0
 16
1.0
 26
0.0
 36
0.0
 17
0.0
 27
1.0
 37
0.0
 76
     0
330
23
  0
LAYOUT
  5
22
102
{ACAD_REACTORS
330
1A
102
}
330
1A
100
AcDbPlotSettings
  1

  2
none_device
  4

  6

 40
0.0
 41
0.0
 42
0.0
 43
0.0
 44
0.0
 45
0.0
 46
0.0
 47
0.0
 48
0.0
 49
0.0
140
0.0
141
0.0
142
1.0
143
1.0
 70
  1712
 72
     0
 73
     0
 74
     0
  7

 75
     0
 76
     0
 77
     2
 78
   300
147
1.0
148
0.0
149
0.0
100
AcDbLayout
  1
Model
 70
     1
 71
     0
 10
0.0
 20
0.0
 11
12.0
 21
9.0
 12
0.0
 22
0.0
 32
0.0
 14
1.000000000000000E+20
 24
1.000000000000000E+20
 34
1.000000000000000E+20
 15
-1.000000000000000E+20
 25
-1.000000000000000E+20
 35
-1.000000000000000E+20
146
0.0
 13
0.0
 23
0.0
 33
0.0
 16
1.0
 26
0.0
 36
0.0
 17
0.0
 27
1.0
 37
0.0
 76
     0
330
1F
331
29
  0
MATERIAL
  5
3D
102
{ACAD_REACTORS
330
3B
102
}
330
3B
100
AcDbMaterial
  1
ByBlock
 72
     1
 94
      127
  0
MATERIAL
  5
3C
102
{ACAD_REACTORS
330
3B
102
}
330
3B
100
AcDbMaterial
  1
ByLayer
 72
     1
 94
      127
  0
MATERIAL
  5
3E
102
{ACAD_REACTORS
330
3B
102
}
330
3B
100
AcDbMaterial
  1
Global
 72
     1
 94
      127
  0
MLINESTYLE
  5
18
102
{ACAD_REACTORS
330
17
102
}
330
17
100
AcDbMlineStyle
  2
Standard
 70
     0
  3

 62
   256
 51
90.0
 52
90.0
 71
     2
 49
0.5
 62
   256
  6
BYLAYER
 49
-0.5
 62
   256
  6
BYLAYER
  0
ACDBPLACEHOLDER
  5
F
102
{ACAD_REACTORS
330
E
102
}
330
E
  0
VISUALSTYLE
  5
2F
102
{ACAD_REACTORS
330
2A
102
}
330
2A
100
AcDbVisualStyle
  2
2dWireframe
 70
     4
177
     2
291
     0
 71
     0
176
     1
 72
     2
176
     1
 73
     0
176
     1
 90
        0
176
     1
 40
-0.6
176
     1
 41
-30.0
176
     1
 62
     5
 63
     7
421
 16777215
176
     1
 74
     1
176
     1
 91
        4
176
     1
 64
     7
176
     1
 65
   257
176
     1
 75
     1
176
     1
175
     1
176
     1
 42
1.0
176
     1
 92
        0
176
     1
 66
   257
176
     1
 43
1.0
176
     1
 76
     1
176
     1
 77
     6
176
     1
 78
     2
176
     1
 67
     7
176
     1
 79
     5
176
     1
170
     0
176
     1
171
     0
176
     1
290
     0
176
     1
 93
        1
176
     1
 44
0.0
176
     1
173
     0
176
     1
  0
VISUALSTYLE
  5
31
102
{ACAD_REACTORS
330
2A
102
}
330
2A
100
AcDbVisualStyle
  2
3D Hidden
 70
     6
177
     2
291
     0
 71
     1
176
     1
 72
     2
176
     1
 73
     2
176
     1
 90
        0
176
     1
 40
-0.6
176
     1
 41
-30.0
176
     1
 62
     5
 63
     7
421
 16777215
176
     1
 74
     2
176
     1
 91
        2
176
     1
 64
     7
176
     1
 65
   257
176
     1
 75
     2
176
     1
175
     1
176
     1
 42
40.0
176
     1
 92
        0
176
     1
 66
   257
176
     1
 43
1.0
176
     1
 76
     1
176
     1
 77
     6
176
     1
 78
     2
176
     1
 67
     7
176
     1
 79
     3
176
     1
170
     0
176
     1
171
     0
176
     1
290
     0
176
     1
 93
        1
176
     1
 44
0.0
176
     1
173
     0
176
     1
  0
VISUALSTYLE
  5
30
102
{ACAD_REACTORS
330
2A
102
}
330
2A
100
AcDbVisualStyle
  2
3dWireframe
 70
     5
177
     2
291
     0
 71
     0
176
     1
 72
     2
176
     1
 73
     0
176
     1
 90
        0
176
     1
 40
-0.6
176
     1
 41
-30.0
176
     1
 62
     5
 63
     7
421
 16777215
176
     1
 74
     1
176
     1
 91
        4
176
     1
 64
     7
176
     1
 65
   257
176
     1
 75
     1
176
     1
175
     1
176
     1
 42
1.0
176
     1
 92
        0
176
     1
 66
   257
176
     1
 43
1.0
176
     1
 76
     1
176
     1
 77
     6
176
     1
 78
     2
176
     1
 67
     7
176
     1
 79
     5
176
     1
170
     0
176
     1
171
     0
176
     1
290
     0
176
     1
 93
        1
176
     1
 44
0.0
176
     1
173
     0
176
     1
  0
VISUALSTYLE
  5
32
102
{ACAD_REACTORS
330
2A
102
}
330
2A
100
AcDbVisualStyle
  2
Basic
 70
     7
177
     2
291
     1
 71
     1
176
     1
 72
     0
176
     1
 73
     1
176
     1
 90
        0
176
     1
 40
-0.6
176
     1
 41
-30.0
176
     1
 62
     5
 63
     7
421
 16777215
176
     1
 74
     0
176
     1
 91
        4
176
     1
 64
     7
176
     1
 65
   257
176
     1
 75
     1
176
     1
175
     1
176
     1
 42
1.0
176
     1
 92
        8
176
     1
 66
     7
176
     1
 43
1.0
176
     1
 76
     1
176
     1
 77
     6
176
     1
 78
     2
176
     1
 67
     7
176
     1
 79
     5
176
     1
170
     0
176
     1
171
     0
176
     1
290
     0
176
     1
 93
        1
176
     1
 44
0.0
176
     1
173
     0
176
     1
  0
VISUALSTYLE
  5
36
102
{ACAD_REACTORS
330
2A
102
}
330
2A
100
AcDbVisualStyle
  2
Brighten
 70
    12
177
     2
291
     1
 71
     2
176
     1
 72
     2
176
     1
 73
     0
176
     1
 90
        0
176
     1
 40
-0.6
176
     1
 41
-30.0
176
     1
 62
     5
 63
     7
421
 16777215
176
     1
 74
     1
176
     1
 91
        4
176
     1
 64
     7
176
     1
 65
   257
176
     1
 75
     1
176
     1
175
     1
176
     1
 42
1.0
176
     1
 92
        8
176
     1
 66
     7
176
     1
 43
1.0
176
     1
 76
     1
176
     1
 77
     6
176
     1
 78
     2
176
     1
 67
     7
176
     1
 79
     5
176
     1
170
     0
176
     1
171
     0
176
     1
290
     0
176
     1
 93
        1
176
     1
 44
50.0
176
     1
173
     0
176
     1
  0
VISUALSTYLE
  5
3A
102
{ACAD_REACTORS
330
2A
102
}
330
2A
100
AcDbVisualStyle
  2
ColorChange
 70
    16
177
     2
291
     1
 71
     2
176
     1
 72
     2
176
     1
 73
     3
176
     1
 90
        0
176
     1
 40
-0.6
176
     1
 41
-30.0
176
     1
 62
     5
 63
     8
421
  8421504
176
     1
 74
     1
176
     1
 91
        4
176
     1
 64
     7
176
     1
 65
   257
176
     1
 75
     1
176
     1
175
     1
176
     1
 42
1.0
176
     1
 92
        8
176
     1
 66
     8
424
  8421504
176
     1
 43
1.0
176
     1
 76
     1
176
     1
 77
     6
176
     1
 78
     2
176
     1
 67
     7
176
     1
 79
     5
176
     1
170
     0
176
     1
171
     0
176
     1
290
     0
176
     1
 93
        1
176
     1
 44
0.0
176
     1
173
     0
176
     1
  0
VISUALSTYLE
  5
34
102
{ACAD_REACTORS
330
2A
102
}
330
2A
100
AcDbVisualStyle
  2
Conceptual
 70
     9
177
     2
291
     0
 71
     3
176
     1
 72
     2
176
     1
 73
     0
176
     1
 90
        0
176
     1
 40
-0.6
176
     1
 41
-30.0
176
     1
 62
     5
 63
     7
421
 16777215
176
     1
 74
     2
176
     1
 91
        2
176
     1
 64
     7
176
     1
 65
   257
176
     1
 75
     1
176
     1
175
     1
176
     1
 42
40.0
176
     1
 92
        8
176
     1
 66
     7
176
     1
 43
1.0
176
     1
 76
     1
176
     1
 77
     6
176
     1
 78
     2
176
     1
 67
     7
176
     1
 79
     3
176
     1
170
     0
176
     1
171
     0
176
     1
290
     0
176
     1
 93
        1
176
     1
 44
0.0
176
     1
173
     0
176
     1
  0
VISUALSTYLE
  5
35
102
{ACAD_REACTORS
330
2A
102
}
330
2A
100
AcDbVisualStyle
  2
Dim
 70
    11
177
     2
291
     1
 71
     2
176
     1
 72
     2
176
     1
 73
     0
176
     1
 90
        0
176
     1
 40
-0.6
176
     1
 41
-30.0
176
     1
 62
     5
 63
     7
421
 16777215
176
     1
 74
     1
176
     1
 91
        4
176
     1
 64
     7
176
     1
 65
   257
176
     1
 75
     1
176
     1
175
     1
176
     1
 42
1.0
176
     1
 92
        8
176
     1
 66
     7
176
     1
 43
1.0
176
     1
 76
     1
176
     1
 77
     6
176
     1
 78
     2
176
     1
 67
     7
176
     1
 79
     5
176
     1
170
     0
176
     1
171
     0
176
     1
290
     0
176
     1
 93
        1
176
     1
 44
-50.0
176
     1
173
     0
176
     1
  0
VISUALSTYLE
  5
39
102
{ACAD_REACTORS
330
2A
102
}
330
2A
100
AcDbVisualStyle
  2
Facepattern
 70
    15
177
     2
291
     1
 71
     2
176
     1
 72
     2
176
     1
 73
     0
176
     1
 90
        0
176
     1
 40
-0.6
176
     1
 41
-30.0
176
     1
 62
     5
 63
     7
421
 16777215
176
     1
 74
     1
176
     1
 91
        4
176
     1
 64
     7
176
     1
 65
   257
176
     1
 75
     1
176
     1
175
     1
176
     1
 42
1.0
176
     1
 92
        8
176
     1
 66
     7
176
     1
 43
1.0
176
     1
 76
     1
176
     1
 77
     6
176
     1
 78
     2
176
     1
 67
     7
176
     1
 79
     5
176
     1
170
     0
176
     1
171
     0
176
     1
290
     0
176
     1
 93
        1
176
     1
 44
0.0
176
     1
173
     0
176
     1
  0
VISUALSTYLE
  5
2B
102
{ACAD_REACTORS
330
2A
102
}
330
2A
100
AcDbVisualStyle
  2
Flat
 70
     0
177
     2
291
     1
 71
     2
176
     1
 72
     1
176
     1
 73
     1
176
     1
 90
        2
176
     1
 40
-0.6
176
     1
 41
30.0
176
     1
 62
     5
 63
     7
421
 16777215
176
     1
 74
     0
176
     1
 91
        4
176
     1
 64
     7
176
     1
 65
   257
176
     1
 75
     1
176
     1
175
     1
176
     1
 42
1.0
176
     1
 92
        8
176
     1
 66
     7
176
     1
 43
1.0
176
     1
 76
     1
176
     1
 77
     6
176
     1
 78
     2
176
     1
 67
     7
176
     1
 79
     5
176
     1
170
     0
176
     1
171
     0
176
     1
290
     0
176
     1
 93
       13
176
     1
 44
0.0
176
     1
173
     0
176
     1
  0
VISUALSTYLE
  5
2C
102
{ACAD_REACTORS
330
2A
102
}
330
2A
100
AcDbVisualStyle
  2
FlatWithEdges
 70
     1
177
     2
291
     1
 71
     2
176
     1
 72
     1
176
     1
 73
     1
176
     1
 90
        2
176
     1
 40
-0.6
176
     1
 41
30.0
176
     1
 62
     5
 63
     7
421
 16777215
176
     1
 74
     1
176
     1
 91
        4
176
     1
 64
     7
176
     1
 65
   257
176
     1
 75
     1
176
     1
175
     1
176
     1
 42
1.0
176
     1
 92
        0
176
     1
 66
   257
176
     1
 43
1.0
176
     1
 76
     1
176
     1
 77
     6
176
     1
 78
     2
176
     1
 67
     7
176
     1
 79
     5
176
     1
170
     0
176
     1
171
     0
176
     1
290
     0
176
     1
 93
       13
176
     1
 44
0.0
176
     1
173
     0
176
     1
  0
VISUALSTYLE
  5
2D
102
{ACAD_REACTORS
330
2A
102
}
330
2A
100
AcDbVisualStyle
  2
Gouraud
 70
     2
177
     2
291
     1
 71
     2
176
     1
 72
     2
176
     1
 73
     1
176
     1
 90
        2
176
     1
 40
-0.6
176
     1
 41
30.0
176
     1
 62
     5
 63
     7
421
 16777215
176
     1
 74
     0
176
     1
 91
        4
176
     1
 64
     7
176
     1
 65
   257
176
     1
 75
     1
176
     1
175
     1
176
     1
 42
1.0
176
     1
 92
        0
176
     1
 66
     7
176
     1
 43
1.0
176
     1
 76
     1
176
     1
 77
     6
176
     1
 78
     2
176
     1
 67
     7
176
     1
 79
     5
176
     1
170
     0
176
     1
171
     0
176
     1
290
     0
176
     1
 93
       13
176
     1
 44
0.0
176
     1
173
     0
176
     1
  0
VISUALSTYLE
  5
2E
102
{ACAD_REACTORS
330
2A
102
}
330
2A
100
AcDbVisualStyle
  2
GouraudWithEdges
 70
     3
177
     2
291
     1
 71
     2
176
     1
 72
     2
176
     1
 73
     1
176
     1
 90
        2
176
     1
 40
-0.6
176
     1
 41
30.0
176
     1
 62
     5
 63
     7
421
 16777215
176
     1
 74
     1
176
     1
 91
        4
176
     1
 64
     7
176
     1
 65
   257
176
     1
 75
     1
176
     1
175
     1
176
     1
 42
1.0
176
     1
 92
        0
176
     1
 66
   257
176
     1
 43
1.0
176
     1
 76
     1
176
     1
 77
     6
176
     1
 78
     2
176
     1
 67
     7
176
     1
 79
     5
176
     1
170
     0
176
     1
171
     0
176
     1
290
     0
176
     1
 93
       13
176
     1
 44
0.0
176
     1
173
     0
176
     1
  0
VISUALSTYLE
  5
38
102
{ACAD_REACTORS
330
2A
102
}
330
2A
100
AcDbVisualStyle
  2
Linepattern
 70
    14
177
     2
291
     1
 71
     2
176
     1
 72
     2
176
     1
 73
     0
176
     1
 90
        0
176
     1
 40
-0.6
176
     1
 41
-30.0
176
     1
 62
     5
 63
     7
421
 16777215
176
     1
 74
     1
176
     1
 91
        4
176
     1
 64
     7
176
     1
 65
   257
176
     1
 75
     7
176
     1
175
     7
176
     1
 42
1.0
176
     1
 92
        8
176
     1
 66
     7
176
     1
 43
1.0
176
     1
 76
     1
176
     1
 77
     6
176
     1
 78
     2
176
     1
 67
     7
176
     1
 79
     5
176
     1
170
     0
176
     1
171
     0
176
     1
290
     0
176
     1
 93
        1
176
     1
 44
0.0
176
     1
173
     0
176
     1
  0
VISUALSTYLE
  5
33
102
{ACAD_REACTORS
330
2A
102
}
330
2A
100
AcDbVisualStyle
  2
Realistic
 70
     8
177
     2
291
     0
 71
     2
176
     1
 72
     2
176
     1
 73
     0
176
     1
 90
        0
176
     1
 40
-0.6
176
     1
 41
-30.0
176
     1
 62
     5
 63
     7
421
 16777215
176
     1
 74
     1
176
     1
 91
        0
176
     1
 64
     7
176
     1
 65
   257
176
     1
 75
     1
176
     1
175
     1
176
     1
 42
1.0
176
     1
 92
        8
176
     1
 66
     8
424
  7895160
176
     1
 43
1.0
176
     1
 76
     1
176
     1
 77
     6
176
     1
 78
     2
176
     1
 67
     7
176
     1
 79
     5
176
     1
170
     0
176
     1
171
     0
176
     1
290
     0
176
     1
 93
       13
176
     1
 44
0.0
176
     1
173
     0
176
     1
  0
VISUALSTYLE
  5
37
102
{ACAD_REACTORS
330
2A
102
}
330
2A
100
AcDbVisualStyle
  2
Thicken
 70
    13
177
     2
291
     1
 71
     2
176
     1
 72
     2
176
     1
 73
     0
176
     1
 90
        0
176
     1
 40
-0.6
176
     1
 41
-30.0
176
     1
 62
     5
 63
     7
421
 16777215
176
     1
 74
     1
176
     1
 91
        4
176
     1
 64
     7
176
     1
 65
   257
176
     1
 75
     1
176
     1
175
     1
176
     1
 42
1.0
176
     1
 92
       12
176
     1
 66
     7
176
     1
 43
1.0
176
     1
 76
     1
176
     1
 77
     6
176
     1
 78
     2
176
     1
 67
     7
176
     1
 79
     5
176
     1
170
     0
176
     1
171
     0
176
     1
290
     0
176
     1
 93
        1
176
     1
 44
0.0
176
     1
173
     0
176
     1
  0
ENDSEC
  0
EOF
